Ticker,Open,High,Low,Close,Change,Pct,AMOUNT,advance,decline,unchanged,RSI,WMA,DPO,SEB,DC,Ichimuku cloud,Date,strength
NEPSE,2566.76,2600.41,2582.36,2578.73,11.97, 0.46 ,3113.811953,194,183,173,44.42,46.37,-2,2626,2652,Below cloud ( Bearish),Oct 06 2026,-47.27
Banking SubIndex,1480.47,1493.56,1477.6,"1,493.43",9.7, 0.65 ,47.87263542,18,1,0,56.9,58.68,48.33,1517,1459,above cloud ( Bullish),Oct 06 2026,-23.57
Development Bank Index,5276.06,"5,342.50","5,273.58","5,339.44",29.23, 0.55 ,10.73804236,10,6,0,39.63,39.42,-100,5393,5636,Below cloud ( Bearish),Oct 06 2026,-53.56
Finance Index,2181.3,2188.16,2169.41,"2,178.84",3.3, 0.15 ,8.0596894,7,7,0,31.45,33.55,-89,2208,2374,Below cloud ( Bearish),Oct 06 2026,-29.16
Hotels And Tourism,6903.8,"6,955.50","6,901.43","6,940.77",36.97, 0.53 ,5.99539451,4,3,1,36.72,38.76,-186,7074,7469,Below cloud ( Bearish),Oct 06 2026,-133.23
HydroPower Index,3484,3513.93,3481.3,"3,511.38",21.71, 0.62 ,155.8075202,74,30,7,40.23,41.38,-84,3588,3698,Below cloud ( Bearish),Oct 06 2026,-76.62
Investment,93.31,94.23,93.31,94.04,0.4, 0.43 ,17.32526515,5,2,0,39.56,42.04,-1,96.09,98.8,Below cloud ( Bearish),Oct 06 2026,-2.05
Life Insurance,11575.09,11629.88,11538.51,"11,603.25",41.1, 0.35 ,7.67562988,10,4,0,47.75,50.18,173,11907,11972,Below cloud ( Bearish),Oct 06 2026,-303.75
Manufacturing And Processing,10396.69,"10,601.10","10,396.69","10,556.95",28.63, 0.27 ,33.62322657,9,6,2,47.24,52.53,98,10749,10741,above cloud ( Bullish),Oct 06 2026,-192.05
Microfinance Index,4441.75,"4,460.38",4431.26,"4,446.83",-0.17, (0.00),11.13994283,24,21,4,41.83,46.03,-10,4539,4599,Below cloud ( Bearish),Oct 06 2026,-92.17
Mutual Fund,19.45,19.5,19.31,19.5,0.03, 0.15 ,0.716728976,25,14,4,37.36,34.99,-0.48,19.51,20.74,Below cloud ( Bearish),Oct 06 2026,-0.01
Non Life Insurance,9414.46,9483.95,9362.7,"9,406.28",-6.23, (0.07),3.09849696,4,8,1,34,36,-412,9625,10428,Below cloud ( Bearish),Oct 06 2026,-218.72
Others Index,1768.95,"1,809.76","1,768.94","1,799.94",7.13, 0.40 ,4.45931734,2,7,0,38.84,40.09,-45,1828,1982,Below cloud ( Bearish),Oct 06 2026,-28.06
Trading Index,"3,197.95",3230.05,3197.95,"3,225.86",26.25, 0.81 ,1.5915475,2,1,0,46.78,45.37,-10,3250,3466,Below cloud ( Bearish),Oct 06 2026,-24.14
