,,,,,,,,,,,,,,,,,,,,,,,,,,,,,,,,,,,,,
,,,,,,,,,,,,,,,,,,,,,,,,,,,,,,,,,,,,,
,,S.No,Symbol,LTP,Point Change,% Change,Open,High,Low,Volume,Prev. Close,,S.No,Symbol,Conf.,Open,High,Low,Close,LTP,Close - LTP,Close - LTP %,VWAP,Vol,Prev. Close,Turnover,Trans.,Diff,Range,Diff %,Range %,VWAP %,120 Days,180 Days,52 Weeks High,52 Weeks Low,
,,1,ACLBSL,939.9,5.9,0.63,921.1,940,921.1,572,934,,1,ACLBSL,25.94,921.1,940,921.1,939.9,939.9,0,0,932.78,572,934,"533,550.60",19,5.9,18.9,0.63,2.05,0.76,964.69,967.55,"1,175.00",827.9,
,,2,ADBL,325,2.5,0.78,306.5,326,306.5,"134,712.00",322.5,,2,ADBL,37.61,306.5,326,306.5,325,325,0,0,324.1,"134,712.00",322.5,"43,660,537.10",268,2.5,19.5,0.78,6.36,0.28,310.69,308.42,344.9,285.2,
,,3,ADBLD83,"1,028.90",3.9,0.38,"1,028.90","1,028.90","1,028.90",110,"1,025.00",,3,ADBLD83,26.93,"1,028.90","1,028.90","1,028.90","1,028.90","1,028.90",0,0,"1,028.90",110,"1,025.00","113,179.00",2,3.9,0,0.38,0,0,"1,081.58","1,087.56","1,132.90","1,015.00",
,,4,AHL,415.7,-4.3,-1.02,411,425,411,"1,270.00",420,,4,AHL,31.37,411,425,411,415.7,415.7,0,0,416.55,"1,270.00",420,"529,016.30",39,-4.3,14,-1.02,3.41,-0.2,497.98,527.17,699,405,
,,5,AHPC,271,2,0.74,270,273,268,"44,826.00",269,,5,AHPC,28.6,270,273,268,271,271,0,0,270.49,"44,826.00",269,"12,124,819.40",198,2,5,0.74,1.87,0.19,280.52,279,323.3,250.1,
,,6,AKJCL,362,-4,-1.09,368.5,370,361.2,"238,164.00",366,,6,AKJCL,20.02,368.5,370,361.2,362,362,0,0,366.29,"238,164.00",366,"87,236,636.20",483,-4,8.8,-1.09,2.44,-1.18,377.5,318.5,461.4,172.9,
,,7,AKPL,260.2,-1.5,-0.57,260,264,257,"32,452.00",261.7,,7,AKPL,30.25,260,264,257,260.2,260.2,0,0,261.11,"32,452.00",261.7,"8,473,582.70",151,-1.5,7,-0.57,2.72,-0.35,270.22,262.67,317,227.5,
,,8,ALBSL,"1,107.70",-7.1,-0.64,"1,075.00","1,140.00","1,075.00","18,794.00","1,114.80",,8,ALBSL,48.51,"1,075.00","1,140.00","1,075.00","1,107.70","1,107.70",0,0,"1,104.55","18,794.00","1,114.80","20,758,911.90",141,-7.1,65,-0.64,6.05,0.28,"1,123.19","1,118.49","1,334.00",921,
,,9,ALICL,432,0.3,0.07,431.7,433.6,430,"6,775.00",431.7,,9,ALICL,23.87,431.7,433.6,430,432,432,0,0,431.36,"6,775.00",431.7,"2,922,479.00",56,0.3,3.6,0.07,0.84,0.15,453.77,459.57,520,413.4,
,,10,ANLB,"5,628.00",-21,-0.37,"5,500.00","6,050.00","5,500.00","7,546.00","5,649.00",,10,ANLB,42.79,"5,500.00","6,050.00","5,500.00","5,628.00","5,628.00",0,0,"5,522.66","7,546.00","5,649.00","41,673,971.50",100,-21,550,-0.37,10,1.87,"6,186.44","6,178.93","7,560.00","5,450.00",
,,11,APHL,838,-1,-0.12,815,860,815,"21,739.00",839,,11,APHL,34.61,815,860,815,838,838,0,0,848.77,"21,739.00",839,"18,451,513.10",404,-1,45,-0.12,5.52,-1.29,0,0,"1,053.40",299.7,
,,12,API,334.5,-0.8,-0.24,335.3,340,332.3,"131,466.00",335.3,,12,API,25.38,335.3,340,332.3,334.5,334.5,0,0,334.4,"131,466.00",335.3,"43,961,775.50",475,-0.8,7.7,-0.24,2.32,0.03,336.29,320.14,370,258.8,
,,13,AVYAN,"1,021.00",-8,-0.78,"1,020.00","1,050.00","1,020.00","1,660.00","1,029.00",,13,AVYAN,23.76,"1,020.00","1,050.00","1,020.00","1,021.00","1,021.00",0,0,"1,031.01","1,660.00","1,029.00","1,711,470.00",34,-8,30,-0.78,2.94,-0.98,"1,081.17","1,044.68","1,366.00",906,
,,14,BANDIPUR,724,-3,-0.41,727,739,718,"12,012.00",727,,14,BANDIPUR,27.22,727,739,718,724,724,0,0,725.28,"12,012.00",727,"8,712,027.00",320,-3,21,-0.41,2.92,-0.18,853.08,0,"1,233.00",285,
,,15,BARUN,325.1,2.1,0.65,332.6,332.6,323.7,"16,158.00",323,,15,BARUN,29.54,332.6,332.6,323.7,325.1,325.1,0,0,326.1,"16,158.00",323,"5,269,065.50",77,2.1,8.9,0.65,2.75,-0.31,347,342.12,407.1,292.1,
,,16,BBC,"4,235.00",-45,-1.05,"4,380.00","4,380.00","4,221.00",130,"4,280.00",,16,BBC,25.43,"4,380.00","4,380.00","4,221.00","4,235.00","4,235.00",0,0,"4,308.75",130,"4,280.00","560,138.00",13,-45,159,-1.05,3.77,-1.74,"4,635.41","4,719.82","6,120.00","3,825.00",
,,17,BEDC,325,6.9,2.17,324.9,325.5,320,"18,635.00",318.1,,17,BEDC,38.21,324.9,325.5,320,325,325,0,0,323.57,"18,635.00",318.1,"6,029,654.30",123,6.9,5.5,2.17,1.72,0.44,414.19,462.33,812,303.1,
,,18,BFC,503.2,-6.8,-1.33,519.7,519.7,503,"27,985.00",510,,18,BFC,28.05,519.7,519.7,503,503.2,503.2,0,0,506.16,"27,985.00",510,"14,164,857.50",170,-6.8,16.7,-1.33,3.32,-0.59,486.32,481.94,562,411.5,
,,19,BGWT,575,-20,-3.36,595,595.5,560,"3,913.00",595,,19,BGWT,28.1,595,595.5,560,575,575,0,0,570.27,"3,913.00",595,"2,231,485.80",69,-20,35.5,-3.36,6.34,0.82,685.75,714.74,957,516.1,
,,20,BHCL,497,-6.9,-1.37,504,515,496.1,"18,887.00",503.9,,20,BHCL,26.14,504,515,496.1,497,497,0,0,501.69,"18,887.00",503.9,"9,475,512.50",290,-6.9,18.9,-1.37,3.81,-0.94,552.9,536.52,699,292.1,
,,21,BHDC,432,0.6,0.14,433,439.9,432,"3,579.00",431.4,,21,BHDC,27.08,433,439.9,432,432,432,0,0,434.22,"3,579.00",431.4,"1,554,068.80",64,0.6,7.9,0.14,1.83,-0.51,464.92,473.02,620,412,
,,22,BHL,212.9,0.5,0.24,212.4,215,212,"55,478.00",212.4,,22,BHL,25.18,212.4,215,212,212.9,212.9,0,0,213.19,"55,478.00",212.4,"11,827,097.90",275,0.5,3,0.24,1.42,-0.13,218.16,205.96,264.4,164,
,,23,BHPL,479,-1,-0.21,480,490,471,"5,595.00",480,,23,BHPL,38.07,480,490,471,479,479,0,0,477.92,"5,595.00",480,"2,673,939.50",46,-1,19,-0.21,4.03,0.23,535.82,560.02,834,449,
,,24,BJHL,719,-12.3,-1.68,731,748,695,"10,916.00",731.3,,24,BJHL,30.95,731,748,695,719,719,0,0,718.14,"10,916.00",731.3,"7,839,169.10",195,-12.3,53,-1.68,7.63,0.12,0,0,"1,305.00",270.1,
,,25,BNHC,281,-1,-0.35,282,284.9,279.3,"13,287.00",282,,25,BNHC,31.03,282,284.9,279.3,281,281,0,0,280.54,"13,287.00",282,"3,727,509.10",119,-1,5.6,-0.35,2.01,0.16,347.94,382.55,613.8,261.3,
,,26,BPCL,656.5,1,0.15,636.1,658,636.1,"12,784.00",655.5,,26,BPCL,23.8,636.1,658,636.1,656.5,656.5,0,0,651.72,"12,784.00",655.5,"8,331,570.90",97,1,21.9,0.15,3.44,0.73,692.49,708.69,965,612,
,,27,BUNGAL,594.9,-2.1,-0.35,608,608,590,"16,454.00",597,,27,BUNGAL,27.89,608,608,590,594.9,594.9,0,0,599.24,"16,454.00",597,"9,859,905.70",277,-2.1,18,-0.35,3.05,-0.73,651.09,0,895,302.4,
,,28,C30MF,10.1,0.03,0.3,10.1,10.4,10,"289,930.00",10.07,,28,C30MF,49.01,10.1,10.4,10,10.1,10.1,0,0,10.11,"289,930.00",10.07,"2,930,275.00",17,0.03,0.4,0.3,4,-0.07,9.99,9.74,10.58,8.7,
,,29,CBBL,934.2,2.2,0.24,945,945,932.1,"6,023.00",932,,29,CBBL,24.16,945,945,932.1,934.2,934.2,0,0,934.99,"6,023.00",932,"5,631,434.20",101,2.2,12.9,0.24,1.38,-0.08,923.45,944.71,"1,124.00",882,
,,30,CBLD88,"1,196.60",9.6,0.81,"1,187.00","1,187.00","1,161.80",33,"1,187.00",,30,CBLD88,21.47,"1,187.00","1,187.00","1,161.80","1,196.60","1,196.60",0,0,"1,164.00",33,"1,187.00","38,412.00",4,9.6,25.2,0.81,2.17,2.72,"1,218.68","1,193.71","1,325.00","1,108.00",
,,31,CFCL,660,-2,-0.3,629,670,629,"133,958.00",662,,31,CFCL,31.38,629,670,629,660,660,0,0,664.29,"133,958.00",662,"88,986,721.00",323,-2,41,-0.3,6.52,-0.65,565.6,542.62,699,445.1,
,,32,CGH,788.9,4.9,0.63,771.1,792,771.1,"8,121.00",784,,32,CGH,33.66,771.1,792,771.1,788.9,788.9,0,0,788.81,"8,121.00",784,"6,405,886.20",66,4.9,20.9,0.63,2.71,0.01,812.36,834.31,"1,104.00",748,
,,33,CHCL,497.5,3.4,0.69,499.9,500,493,"57,188.00",494.1,,33,CHCL,34.68,499.9,500,493,497.5,497.5,0,0,498,"57,188.00",494.1,"28,479,507.70",229,3.4,7,0.69,1.42,-0.1,484.93,485.73,550,450.3,
,,34,CHDC,"2,225.00",3.1,0.14,"2,248.00","2,250.00","2,220.00","11,759.00","2,221.90",,34,CHDC,24.12,"2,248.00","2,250.00","2,220.00","2,225.00","2,225.00",0,0,"2,229.96","11,759.00","2,221.90","26,222,119.30",126,3.1,30,0.14,1.35,-0.22,"2,322.07","2,319.10","2,840.00","1,967.00",
,,35,CHL,266,-2,-0.75,268,272,264,"13,213.00",268,,35,CHL,26.48,268,272,264,266,266,0,0,268.93,"13,213.00",268,"3,553,398.60",69,-2,8,-0.75,3.03,-1.1,286.25,278.1,332.5,223.4,
,,36,CIT,"1,720.00",5,0.29,"1,700.00","1,739.90","1,700.00","1,698.00","1,715.00",,36,CIT,26.33,"1,700.00","1,739.90","1,700.00","1,720.00","1,720.00",0,0,"1,718.28","1,698.00","1,715.00","2,917,632.70",75,5,39.9,0.29,2.35,0.1,"1,760.74","1,782.53","2,046.00","1,630.30",
,,37,CITY,369,0.8,0.22,371,374,367,"52,443.00",368.2,,37,CITY,27.79,371,374,367,369,369,0,0,369.78,"52,443.00",368.2,"19,392,604.10",280,0.8,7,0.22,1.91,-0.21,434.84,458.89,964,327.8,
,,38,CKHL,597,-8.6,-1.42,604,606.9,586.9,"12,069.00",605.6,,38,CKHL,28.02,604,606.9,586.9,597,597,0,0,596.65,"12,069.00",605.6,"7,200,921.00",18,-8.6,20,-1.42,3.41,0.06,668.03,660.11,804,525,
,,39,CLI,448.5,0.5,0.11,442,450,442,"6,668.00",448,,39,CLI,24.83,442,450,442,448.5,448.5,0,0,445.9,"6,668.00",448,"2,973,241.30",226,0.5,8,0.11,1.81,0.58,460.63,467.1,526,411,
,,40,CORBL,"1,115.00",-5,-0.45,"1,100.00","1,135.00","1,090.00","33,883.00","1,120.00",,40,CORBL,27.63,"1,100.00","1,135.00","1,090.00","1,115.00","1,115.00",0,0,"1,109.12","33,883.00","1,120.00","37,580,402.70",626,-5,45,-0.45,4.13,0.53,"1,824.39","1,777.87","3,183.00","1,050.00",
,,41,CREST,"1,195.00",5,0.42,"1,184.00","1,215.00","1,150.10","12,935.00","1,190.00",,41,CREST,38.84,"1,184.00","1,215.00","1,150.10","1,195.00","1,195.00",0,0,"1,188.39","12,935.00","1,190.00","15,371,773.30",148,5,64.9,0.42,5.64,0.55,"1,274.84","1,275.52","1,588.00",985.2,
,,42,CSY,9.3,-0.04,-0.43,9.06,9.3,9.06,920,9.34,,42,CSY,38.18,9.06,9.3,9.06,9.3,9.3,0,0,9.11,920,9.34,"8,377.40",8,-0.04,0.24,-0.43,2.65,2.09,0,0,10,8.78,
,,43,CYCL,"1,300.00",-10,-0.76,"1,301.00","1,330.00","1,300.00","1,959.00","1,310.00",,43,CYCL,34.16,"1,301.00","1,330.00","1,300.00","1,300.00","1,300.00",0,0,"1,303.87","1,959.00","1,310.00","2,554,280.00",64,-10,30,-0.76,2.31,-0.3,"1,493.49","1,510.81","2,021.00","1,280.00",
,,44,CZBIL,208.9,1,0.48,210,211.4,206,"114,286.00",207.9,,44,CZBIL,36.77,210,211.4,206,208.9,208.9,0,0,209.59,"114,286.00",207.9,"23,952,917.10",229,1,5.4,0.48,2.62,-0.33,204.06,201.09,238.6,183,
,,45,DDBL,835,-1.5,-0.18,830,840,830,"7,033.00",836.5,,45,DDBL,28.57,830,840,830,835,835,0,0,836.41,"7,033.00",836.5,"5,882,501.80",61,-1.5,10,-0.18,1.2,-0.17,844.91,846.7,981,793,
,,46,DHEL,582,-5.9,-1,588,600,582,"36,329.00",587.9,,46,DHEL,30.11,588,600,582,582,582,0,0,591.71,"36,329.00",587.9,"21,496,306.80",298,-5.9,18,-1,3.09,-1.67,646.44,0,918.9,402.2,
,,47,DHPL,289,-5,-1.7,290.1,295,285,"10,771.00",294,,47,DHPL,23.96,290.1,295,285,289,289,0,0,286.72,"10,771.00",294,"3,088,230.60",43,-5,10,-1.7,3.51,0.79,302.25,300.21,345,254,
,,48,DLBS,"1,190.00",-24,-1.98,"1,190.00","1,195.00","1,190.00",164,"1,214.00",,48,DLBS,22.84,"1,190.00","1,195.00","1,190.00","1,190.00","1,190.00",0,0,"1,189.94",164,"1,214.00","195,150.00",9,-24,5,-1.98,0.42,0.01,"1,298.85","1,316.66","1,634.00","1,083.80",
,,49,DOLTI,324.9,-0.1,-0.03,325,328.9,317,"23,185.00",325,,49,DOLTI,39.54,325,328.9,317,324.9,324.9,0,0,322.3,"23,185.00",325,"7,472,509.90",131,-0.1,11.9,-0.03,3.75,0.8,410,447.17,619,300.1,
,,50,DORDI,254.9,1.4,0.55,253,258.2,253,"26,385.00",253.5,,50,DORDI,28.07,253,258.2,253,254.9,254.9,0,0,255.76,"26,385.00",253.5,"6,748,154.10",144,1.4,5.2,0.55,2.06,-0.34,275.73,272.05,327.4,213.1,
,,51,EBL,730,1.4,0.19,728.6,735,728.1,"29,414.00",728.6,,51,EBL,32.31,728.6,735,728.1,730,730,0,0,731.25,"29,414.00",728.6,"21,509,003.30",226,1.4,6.9,0.19,0.95,-0.17,698.66,682.34,780.6,619,
,,52,EBLD85,"1,132.10",2.1,0.19,"1,130.00","1,154.50","1,107.20",417,"1,130.00",,52,EBLD85,24.06,"1,130.00","1,154.50","1,107.20","1,132.10","1,132.10",0,0,"1,145.94",417,"1,130.00","477,858.10",16,2.1,47.3,0.19,4.27,-1.22,"1,165.11","1,156.51","1,250.00","1,097.00",
,,53,EBLD86,"1,081.00",-19.1,-1.74,"1,081.00","1,081.00","1,081.00",25,"1,100.10",,53,EBLD86,24.14,"1,081.00","1,081.00","1,081.00","1,081.00","1,081.00",0,0,"1,081.00",25,"1,100.10","27,025.00",1,-19.1,0,-1.74,0,0,"1,091.32","1,078.00","1,150.00","1,022.00",
,,54,EBLD91,"1,060.00",-4,-0.38,"1,050.00","1,060.00","1,050.00",125,"1,064.00",,54,EBLD91,35.15,"1,050.00","1,060.00","1,050.00","1,060.00","1,060.00",0,0,"1,055.80",125,"1,064.00","131,975.00",4,-4,10,-0.38,0.95,0.4,"1,088.54","1,088.08","1,142.40",994.4,
,,55,ECL,"1,505.60",196.3,14.99,"1,374.70","1,505.60","1,374.70","73,580.00","1,309.30",,55,ECL,32.35,"1,374.70","1,505.60","1,374.70","1,505.60","1,505.60",0,0,"1,449.19","73,580.00","1,309.30","106,631,113.00","7,120",196.3,130.9,14.99,9.52,3.75,0,0,"1,505.60",296.6,
,,56,EDBL,583,4,0.69,580,591.2,580,"17,637.00",579,,56,EDBL,41.58,580,591.2,580,583,583,0,0,584.21,"17,637.00",579,"10,303,690.20",40,4,11.2,0.69,1.93,-0.21,584.47,588.19,683.4,545,
,,57,EHPL,346.3,6.2,1.82,348.9,358.4,341.5,"8,105.00",340.1,,57,EHPL,32.86,348.9,358.4,341.5,346.3,346.3,0,0,346.36,"8,105.00",340.1,"2,807,248.30",91,6.2,16.9,1.82,4.95,-0.02,396.14,404.63,654,318.3,
,,58,ENL,813,-1.5,-0.18,805,824,798.4,672,814.5,,58,ENL,32.56,805,824,798.4,813,813,0,0,804.92,672,814.5,"540,907.10",14,-1.5,25.6,-0.18,3.21,0.99,886.89,895.28,"1,120.00",762,
,,59,FMDBL,772.7,2.7,0.35,783,783,765.2,"3,091.00",770,,59,FMDBL,37.06,783,783,765.2,772.7,772.7,0,0,769.41,"3,091.00",770,"2,378,246.10",26,2.7,17.8,0.35,2.33,0.43,799.17,806.05,982,730,
,,60,FOWAD,965,0.1,0.01,977,977,950,"1,326.00",964.9,,60,FOWAD,41.18,977,977,950,965,965,0,0,957.15,"1,326.00",964.9,"1,269,181.10",36,0.1,27,0.01,2.84,0.81,"1,061.07","1,072.41","1,364.00",933,
,,61,GBBD85,"1,080.00",17,1.6,"1,052.00","1,080.00","1,052.00",215,"1,063.00",,61,GBBD85,40.74,"1,052.00","1,080.00","1,052.00","1,080.00","1,080.00",0,0,"1,076.74",215,"1,063.00","231,500.00",2,17,28,1.6,2.66,0.3,"1,085.83","1,084.56","1,135.00","1,033.00",
,,62,GBBL,419,-1,-0.24,421,421,416.1,"15,862.00",420,,62,GBBL,27.44,421,421,416.1,419,419,0,0,418.35,"15,862.00",420,"6,635,867.80",85,-1,4.9,-0.24,1.18,0.16,411.4,403,459,367.4,
,,63,GBIME,262.2,0.2,0.08,250,267,250,"738,612.00",262,,63,GBIME,41.91,250,267,250,262.2,262.2,0,0,263.97,"738,612.00",262,"194,968,821.60","1,239",0.2,17,0.08,6.8,-0.67,238.57,235.02,267.8,218.9,
,,64,GBIMESY2,9.3,0.05,0.54,9.25,9.5,9.01,"10,600.00",9.25,,64,GBIMESY2,28.49,9.25,9.5,9.01,9.3,9.3,0,0,9.14,"10,600.00",9.25,"96,931.00",14,0.05,0.49,0.54,5.44,1.67,9.4,9.27,10.78,8.5,
,,65,GBLBS,752,4,0.53,759.9,759.9,736.7,"1,930.00",748,,65,GBLBS,26.63,759.9,759.9,736.7,752,752,0,0,741.98,"1,930.00",748,"1,432,016.00",35,4,23.2,0.53,3.15,1.33,769.06,773.59,886,698,
,,66,GCIL,355.1,-3.9,-1.09,367.5,367.5,355.1,"15,333.00",359,,66,GCIL,25.43,367.5,367.5,355.1,355.1,355.1,0,0,357.25,"15,333.00",359,"5,477,787.70",151,-3.9,12.4,-1.09,3.49,-0.61,407.12,415.27,530,315.5,
,,67,GFCL,610,-3.1,-0.51,620,620,610,"3,702.00",613.1,,67,GFCL,27.24,620,620,610,610,610,0,0,613.25,"3,702.00",613.1,"2,270,259.00",37,-3.1,10,-0.51,1.64,-0.53,639.07,628.81,738,528.3,
,,68,GHL,227.7,0.9,0.4,227.3,231,225.3,"17,585.00",226.8,,68,GHL,24.24,227.3,231,225.3,227.7,227.7,0,0,228.23,"17,585.00",226.8,"4,013,473.80",79,0.9,5.7,0.4,2.53,-0.23,239.82,231.66,290,197.1,
,,69,GIBF1,10.9,0.04,0.37,10.86,10.9,10.69,"12,900.00",10.86,,69,GIBF1,39.75,10.86,10.9,10.69,10.9,10.9,0,0,10.71,"12,900.00",10.86,"138,163.00",9,0.04,0.21,0.37,1.96,1.74,10.82,10.63,11.67,9.3,
,,70,GILB,"1,100.00",0,0,"1,105.10","1,109.90","1,092.00","1,993.00","1,100.00",,70,GILB,42.43,"1,105.10","1,109.90","1,092.00","1,100.00","1,100.00",0,0,"1,092.80","1,993.00","1,100.00","2,177,946.80",18,0,17.9,0,1.64,0.65,"1,131.11","1,159.52","1,441.60","1,020.10",
,,71,GLBSL,"1,780.00",-30,-1.66,"1,830.00","1,830.00","1,775.50",97,"1,810.00",,71,GLBSL,21.47,"1,830.00","1,830.00","1,775.50","1,780.00","1,780.00",0,0,"1,786.24",97,"1,810.00","173,265.70",5,-30,54.5,-1.66,3.07,-0.35,"1,843.50","1,897.04","2,440.00","1,705.20",
,,72,GLH,257.1,-1.9,-0.73,263,263.9,257,"38,705.00",259,,72,GLH,44.72,263,263.9,257,257.1,257.1,0,0,260.02,"38,705.00",259,"10,064,014.10",186,-1.9,6.9,-0.73,2.68,-1.14,269.46,264.5,328.2,227.4,
,,73,GMFBS,"1,230.00",15,1.23,"1,249.00","1,249.00","1,190.20",844,"1,215.00",,73,GMFBS,44.77,"1,249.00","1,249.00","1,190.20","1,230.00","1,230.00",0,0,"1,203.55",844,"1,215.00","1,015,799.40",27,15,58.8,1.23,4.94,2.15,"1,336.04","1,401.02","1,740.00","1,130.50",
,,74,GMFIL,472.5,2.5,0.53,470,476.6,465,"10,160.00",470,,74,GMFIL,38.94,470,476.6,465,472.5,472.5,0,0,466.91,"10,160.00",470,"4,743,841.50",67,2.5,11.6,0.53,2.49,1.18,473.93,471.47,540,393.1,
,,75,GMLI,"1,145.00",-4,-0.35,"1,177.00","1,177.00","1,132.30","3,513.00","1,149.00",,75,GMLI,28.25,"1,177.00","1,177.00","1,132.30","1,145.00","1,145.00",0,0,"1,142.62","3,513.00","1,149.00","4,014,013.40",58,-4,44.7,-0.35,3.95,0.21,"1,435.02","1,556.80","2,200.00","1,114.00",
,,76,GRDBL,"1,100.30",28.3,2.64,"1,051.00","1,121.00","1,051.00","70,991.00","1,072.00",,76,GRDBL,43.55,"1,051.00","1,121.00","1,051.00","1,100.30","1,100.30",0,0,"1,102.01","70,991.00","1,072.00","78,233,136.40",344,28.3,70,2.64,6.66,-0.16,"1,079.30","1,094.55","1,398.70",949,
,,77,GSY,9.92,0.27,2.8,9.56,9.92,9.56,"3,350.00",9.65,,77,GSY,29.94,9.56,9.92,9.56,9.92,9.92,0,0,9.65,"3,350.00",9.65,"32,337.00",20,0.27,0.36,2.8,3.77,2.69,9.85,9.59,10.46,8.7,
,,78,GUFL,574,2,0.35,577,584.2,571,"19,694.00",572,,78,GUFL,27.37,577,584.2,571,574,574,0,0,575.71,"19,694.00",572,"11,337,991.80",133,2,13.2,0.35,2.31,-0.3,552.31,541.35,644,460.6,
,,79,GVL,483.4,-3.6,-0.74,487,492,483,"14,857.00",487,,79,GVL,28.57,487,492,483,483.4,483.4,0,0,485.97,"14,857.00",487,"7,220,066.50",81,-3.6,9,-0.74,1.86,-0.53,491.14,500.87,617,461,
,,80,H8020,11.7,0.07,0.6,11.62,11.7,11.62,400,11.63,,80,H8020,25.21,11.62,11.7,11.62,11.7,11.7,0,0,11.67,400,11.63,"4,668.00",4,0.07,0.08,0.6,0.69,0.26,11.75,11.44,12.56,10,
,,81,HATHY,705,-9,-1.26,701,722,697,"5,364.00",714,,81,HATHY,21.59,701,722,697,705,705,0,0,703.68,"5,364.00",714,"3,774,543.80",91,-9,25,-1.26,3.59,0.19,826.24,856.7,"1,318.00",660,
,,82,HBL,202.9,0.9,0.45,192.5,206,192.5,"86,099.00",202,,82,HBL,37.68,192.5,206,192.5,202.9,202.9,0,0,203.26,"86,099.00",202,"17,500,890.40","1,001",0.9,13.5,0.45,7.01,-0.18,202.12,198.6,239.8,184,
,,83,HBLD83,"1,007.20",-5.9,-0.58,"1,005.00","1,007.20","1,005.00",65,"1,013.10",,83,HBLD83,29.33,"1,005.00","1,007.20","1,005.00","1,007.20","1,007.20",0,0,"1,006.35",65,"1,013.10","65,413.00",2,-5.9,2.2,-0.58,0.22,0.08,"1,046.19","1,047.25","1,111.00","1,000.00",
,,84,HDHPC,212.5,-1.2,-0.56,210.1,217,210.1,"99,278.00",213.7,,84,HDHPC,25.7,210.1,217,210.1,212.5,212.5,0,0,214.09,"99,278.00",213.7,"21,254,053.70",236,-1.2,6.9,-0.56,3.28,-0.75,220.22,206.85,274,162,
,,85,HDL,"1,171.00",7,0.6,"1,170.00","1,175.30","1,165.00","33,432.00","1,164.00",,85,HDL,38.34,"1,170.00","1,175.30","1,165.00","1,171.00","1,171.00",0,0,"1,170.95","33,432.00","1,164.00","39,147,261.90",297,7,10.3,0.6,0.88,0,"1,162.85","1,166.41","1,489.00","1,097.60",
,,86,HEI,540,1,0.19,552,552,535.8,"6,507.00",539,,86,HEI,27.56,552,552,535.8,540,540,0,0,537.73,"6,507.00",539,"3,498,989.00",30,1,16.2,0.19,3.02,0.42,532.8,522.23,610,458,
,,87,HEIP,338,-2,-0.59,332,338,329.8,694,340,,87,HEIP,24.44,332,338,329.8,338,338,0,0,331.24,694,340,"229,877.20",6,-2,8.2,-0.59,2.49,2,326.73,327.49,386,293.1,
,,88,HFIN,725,5,0.69,715,738,715,"22,860.00",720,,88,HFIN,37.18,715,738,715,725,725,0,0,726.08,"22,860.00",720,"16,598,258.60",579,5,23,0.69,3.22,-0.15,0,0,"1,450.60",101.7,
,,89,HHL,337.5,-2.5,-0.74,340,345,336,"9,114.00",340,,89,HHL,22.41,340,345,336,337.5,337.5,0,0,338.13,"9,114.00",340,"3,081,762.10",61,-2.5,9,-0.74,2.68,-0.19,358.4,350.2,416.6,309,
,,90,HIDCL,259.2,0.4,0.15,271.7,271.7,258,"37,351.00",258.8,,90,HIDCL,25.65,271.7,271.7,258,259.2,259.2,0,0,258.85,"37,351.00",258.8,"9,668,125.70",193,0.4,13.7,0.15,5.31,0.14,267.9,267.13,307,245,
,,91,HIDCLP,191.9,-0.9,-0.47,193.9,195,190.1,"63,867.00",192.8,,91,HIDCLP,25.02,193.9,195,190.1,191.9,191.9,0,0,191.66,"63,867.00",192.8,"12,240,529.30",140,-0.9,4.9,-0.47,2.58,0.13,200.68,195.28,230.6,174.4,
,,92,HIMSTAR,738.7,-1.3,-0.18,760.5,760.5,726.2,"2,599.00",740,,92,HIMSTAR,35.16,760.5,760.5,726.2,738.7,738.7,0,0,731.79,"2,599.00",740,"1,901,922.00",62,-1.3,34.3,-0.18,4.72,0.94,877.27,869.55,"1,264.00",252.2,
,,93,HLBSL,894,12.1,1.37,900,900,888.2,"2,098.00",881.9,,93,HLBSL,39.69,900,900,888.2,894,894,0,0,892.52,"2,098.00",881.9,"1,872,508.30",43,12.1,11.8,1.37,1.33,0.17,902.55,906.69,"1,075.00",830,
,,94,HLI,324,-1,-0.31,325,329.9,321.3,"27,460.00",325,,94,HLI,35.2,325,329.9,321.3,324,324,0,0,324.72,"27,460.00",325,"8,916,723.10",225,-1,8.6,-0.31,2.68,-0.22,349.56,357.99,429.8,313.1,
,,95,HLICF,8.51,-0.04,-0.47,8.43,8.51,8.43,"2,083.00",8.55,,95,HLICF,32.62,8.43,8.51,8.43,8.51,8.51,0,0,8.44,"2,083.00",8.55,"17,584.69",12,-0.04,0.08,-0.47,0.95,0.8,9.13,0,10.55,8.25,
,,96,HPPL,377,-6,-1.57,384,385,376,"84,917.00",383,,96,HPPL,27.78,384,385,376,377,377,0,0,381.2,"84,917.00",383,"32,370,486.70",336,-6,9,-1.57,2.39,-1.11,404.27,428.61,605,340.1,
,,97,HRL,595,-8,-1.33,605,609.9,595,"62,706.00",603,,97,HRL,25.09,605,609.9,595,595,595,0,0,599.71,"62,706.00",603,"37,605,228.90",611,-8,14.9,-1.33,2.5,-0.79,708.91,750.94,"1,105.00",545,
,,98,HURJA,237.9,1.8,0.76,240,242,236.3,"48,508.00",236.1,,98,HURJA,34.8,240,242,236.3,237.9,237.9,0,0,239.39,"48,508.00",236.1,"11,612,488.50",211,1.8,5.7,0.76,2.41,-0.63,258.18,247.5,312.1,204.6,
,,99,ICFC,611,-2,-0.33,612,614,610,"7,604.00",613,,99,ICFC,32.24,612,614,610,611,611,0,0,611.76,"7,604.00",613,"4,651,832.20",60,-2,4,-0.33,0.66,-0.12,634.91,637.55,715,580,
,,100,ICFCD88,"1,170.00",30,2.63,"1,165.00","1,170.00","1,165.00",125,"1,140.00",,100,ICFCD88,40.6,"1,165.00","1,170.00","1,165.00","1,170.00","1,170.00",0,0,"1,167.40",125,"1,140.00","145,925.00",3,30,5,2.63,0.43,0.22,"1,150.23","1,138.35","1,216.00","1,053.60",
,,101,ICFCD89,"1,101.00",7.8,0.71,"1,095.00","1,101.00","1,085.00",200,"1,093.20",,101,ICFCD89,42.49,"1,095.00","1,101.00","1,085.00","1,101.00","1,101.00",0,0,"1,095.63",200,"1,093.20","219,125.00",8,7.8,16,0.71,1.47,0.49,0,0,"1,140.00","1,020.00",
,,102,IGI,432,-5.5,-1.26,448,449.9,432,"3,670.00",437.5,,102,IGI,22.92,448,449.9,432,432,432,0,0,437.04,"3,670.00",437.5,"1,603,949.00",35,-5.5,17.9,-1.26,4.14,-1.17,441.38,434.91,564,392,
,,103,IHL,358,8,2.29,352,363,350,"5,772.00",350,,103,IHL,38.4,352,363,350,358,358,0,0,354.24,"5,772.00",350,"2,044,695.50",67,8,13,2.29,3.71,1.05,440.37,479.09,638,329,
,,104,ILBS,898,14.2,1.61,860,898,860,895,883.8,,104,ILBS,40.92,860,898,860,898,898,0,0,881.74,895,883.8,"789,157.40",18,14.2,38,1.61,4.42,1.81,936.68,976.77,"1,311.00",815,
,,105,ILI,416.3,-1.7,-0.41,418,425,415.1,"5,878.00",418,,105,ILI,26.14,418,425,415.1,416.3,416.3,0,0,418.53,"5,878.00",418,"2,460,141.50",216,-1.7,9.9,-0.41,2.38,-0.54,436.94,442.79,489.6,399,
,,106,JBBD87,"1,111.00",0,0,"1,111.00","1,111.00","1,111.00",50,"1,111.00",,106,JBBD87,19.66,"1,111.00","1,111.00","1,111.00","1,111.00","1,111.00",0,0,"1,111.00",50,"1,111.00","55,550.00",2,0,0,0,0,0,"1,117.97","1,100.86","1,289.00","1,048.50",
,,107,JBBL,343.8,-3.3,-0.95,346,353,343.6,"26,528.00",347.1,,107,JBBL,25.71,346,353,343.6,343.8,343.8,0,0,347.1,"26,528.00",347.1,"9,207,955.00",105,-3.3,9.4,-0.95,2.74,-0.96,353.72,345,395,295,
,,108,JBLB,"1,274.00",-8,-0.62,"1,260.00","1,290.00","1,260.00","2,776.00","1,282.00",,108,JBLB,27.11,"1,260.00","1,290.00","1,260.00","1,274.00","1,274.00",0,0,"1,277.49","2,776.00","1,282.00","3,546,316.70",83,-8,30,-0.62,2.38,-0.27,"1,299.71","1,343.87","1,644.00","1,219.90",
,,109,JFL,396,2,0.51,400,403,390,"3,464.00",394,,109,JFL,26.13,400,403,390,396,396,0,0,395.71,"3,464.00",394,"1,370,723.40",43,2,13,0.51,3.33,0.07,417.06,421.54,532,375,
,,110,JHAPA,"1,139.00",1,0.09,"1,122.00","1,171.00","1,122.00","3,132.00","1,138.00",,110,JHAPA,27.22,"1,122.00","1,171.00","1,122.00","1,139.00","1,139.00",0,0,"1,136.48","3,132.00","1,138.00","3,559,460.00",65,1,49,0.09,4.37,0.22,"1,384.40",0,"1,929.00",293.4,
,,111,JOSHI,285,2,0.71,283,292,278.1,"80,370.00",283,,111,JOSHI,49.01,283,292,278.1,285,285,0,0,287.3,"80,370.00",283,"23,090,052.40",346,2,13.9,0.71,5,-0.81,285.54,292.61,388.6,246,
,,112,JSLBB,990,-9,-0.9,991,"1,028.00",990,847,999,,112,JSLBB,26.49,991,"1,028.00",990,990,990,0,0,999.04,847,999,"846,187.00",15,-9,38,-0.9,3.84,-0.91,"1,102.01","1,127.78","1,419.00",941,
,,113,KAHL,537.1,-6.9,-1.27,541,576,533,"41,714.00",544,,113,KAHL,32.91,541,576,533,537.1,537.1,0,0,543.75,"41,714.00",544,"22,681,976.20","2,058",-6.9,43,-1.27,8.07,-1.24,0,0,613,295.4,
,,114,KBL,224.8,-0.2,-0.09,214,228,214,"437,791.00",225,,114,KBL,36.15,214,228,214,224.8,224.8,0,0,225.04,"437,791.00",225,"98,521,765.10",681,-0.2,14,-0.09,6.54,-0.11,214.23,203.65,256,175.5,
,,115,KBLD86,"1,266.50",-121,-8.72,"1,387.50","1,387.50","1,387.50",9,"1,387.50",,115,KBLD86,22.84,"1,387.50","1,387.50","1,387.50","1,266.50","1,266.50",0,0,"1,301.52",9,"1,387.50","11,713.70",4,-121,0,-8.72,0,-2.77,"1,161.57","1,122.78","1,387.50","1,096.30",
,,116,KBLD89,"1,275.00",20,1.59,"1,292.60","1,292.60","1,275.00",793,"1,255.00",,116,KBLD89,40.71,"1,292.60","1,292.60","1,275.00","1,275.00","1,275.00",0,0,"1,280.08",793,"1,255.00","1,015,105.40",5,20,17.6,1.59,1.38,-0.4,"1,240.24","1,210.95","1,379.00","1,200.00",
,,117,KBSH,940,-16,-1.67,951,965,935,"19,203.00",956,,117,KBSH,36.78,951,965,935,940,940,0,0,944.39,"19,203.00",956,"18,135,129.50",237,-16,30,-1.67,3.21,-0.47,"1,520.71","1,600.58","2,060.00",888.7,
,,118,KDBY,11.29,0.19,1.71,11.12,11.29,11.12,"71,200.00",11.1,,118,KDBY,43.27,11.12,11.29,11.12,11.29,11.29,0,0,11.22,"71,200.00",11.1,"798,992.50",14,0.19,0.17,1.71,1.53,0.6,10.94,10.43,12.54,8.67,
,,119,KDL,775,-10,-1.27,790,812.9,770,"1,312.00",785,,119,KDL,26.01,790,812.9,770,775,775,0,0,787.31,"1,312.00",785,"1,032,948.00",30,-10,42.9,-1.27,5.57,-1.59,844.89,850.36,"1,185.00",730,
,,120,KEF,10.4,0.1,0.97,10.34,10.7,10.34,"90,450.00",10.3,,120,KEF,26.4,10.34,10.7,10.34,10.4,10.4,0,0,10.5,"90,450.00",10.3,"950,095.00",33,0.1,0.36,0.97,3.48,-1,10.33,9.93,11.3,8.31,
,,121,KHPL,860,-10,-1.15,870,885,850.1,"10,196.00",870,,121,KHPL,21.94,870,885,850.1,860,860,0,0,859.64,"10,196.00",870,"8,764,893.20",216,-10,34.9,-1.15,4.11,0.04,0,0,"1,324.80",300,
,,122,KKHC,287,-4.4,-1.51,291.4,295,285.5,"117,485.00",291.4,,122,KKHC,42.9,291.4,295,285.5,287,287,0,0,291.37,"117,485.00",291.4,"34,232,056.10",346,-4.4,9.5,-1.51,3.33,-1.52,270.42,258.97,340.5,208,
,,123,KMCDB,777.9,11.5,1.5,750.1,789.7,750,"1,097.00",766.4,,123,KMCDB,35.85,750.1,789.7,750,777.9,777.9,0,0,764.89,"1,097.00",766.4,"839,084.90",25,11.5,39.7,1.5,5.29,1.67,879.32,927.58,"1,189.30",735,
,,124,KPCL,472,-3,-0.63,472,477.1,469.1,"6,263.00",475,,124,KPCL,43.93,472,477.1,469.1,472,472,0,0,470.02,"6,263.00",475,"2,943,753.70",38,-3,8,-0.63,1.71,0.42,501.37,518.65,658,450,
,,125,KSBBL,475,-3,-0.63,480,482,474.3,"30,231.00",478,,125,KSBBL,28.41,480,482,474.3,475,475,0,0,478.22,"30,231.00",478,"14,457,138.40",92,-3,7.7,-0.63,1.62,-0.68,479.35,466.24,555.9,404.1,
,,126,KSBBLD87,"1,192.20",-36.8,-2.99,"1,192.20","1,192.20","1,192.20",200,"1,229.00",,126,KSBBLD87,24.56,"1,192.20","1,192.20","1,192.20","1,192.20","1,192.20",0,0,"1,192.20",200,"1,229.00","238,440.00",4,-36.8,0,-2.99,0,0,"1,107.54","1,091.14","1,229.00","1,044.40",
,,127,KSY,9.85,0.06,0.61,9.54,10.08,9.54,"706,646.00",9.79,,127,KSY,39.75,9.54,10.08,9.54,9.85,9.85,0,0,10.08,"706,646.00",9.79,"7,120,970.80",14,0.06,0.54,0.61,5.66,-2.31,9.67,9.43,10.26,8.21,
,,128,LBBL,497,1,0.2,499,500,494,"19,051.00",496,,128,LBBL,23.49,499,500,494,497,497,0,0,497.45,"19,051.00",496,"9,476,913.20",83,1,6,0.2,1.21,-0.09,490.21,483.92,638,433,
,,129,LBBLD89,"1,251.40",-38.7,-3,"1,251.40","1,251.40","1,251.40",25,"1,290.10",,129,LBBLD89,24.02,"1,251.40","1,251.40","1,251.40","1,251.40","1,251.40",0,0,"1,251.40",25,"1,290.10","31,285.00",1,-38.7,0,-3,0,0,"1,244.67","1,226.24","1,346.00","1,189.00",
,,130,LEC,225.1,-0.8,-0.35,229.9,229.9,225,"79,082.00",225.9,,130,LEC,30.47,229.9,229.9,225,225.1,225.1,0,0,225.89,"79,082.00",225.9,"17,864,101.30",181,-0.8,4.9,-0.35,2.18,-0.35,226.96,217.79,276,180,
,,131,LICN,790,2.1,0.27,805,805,782.1,"5,019.00",787.9,,131,LICN,32.4,805,805,782.1,790,790,0,0,783.76,"5,019.00",787.9,"3,933,677.10",34,2.1,22.9,0.27,2.93,0.79,821.27,841.43,969,763,
,,132,LLBS,893,-2,-0.22,900,900,893,170,895,,132,LLBS,31.89,900,900,893,893,893,0,0,897.94,170,895,"152,650.00",3,-2,7,-0.22,0.78,-0.55,957.59,963.88,"1,205.00",819.4,
,,133,LSL,229.4,1,0.44,217,232.1,217,"206,249.00",228.4,,133,LSL,32.36,217,232.1,217,229.4,229.4,0,0,230.44,"206,249.00",228.4,"47,527,444.70",315,1,15.1,0.44,6.96,-0.45,218.87,220.02,250,203,
,,134,LUK,10.5,0.3,2.94,10.25,10.5,10.25,"6,100.00",10.2,,134,LUK,42.16,10.25,10.5,10.25,10.5,10.5,0,0,10.38,"6,100.00",10.2,"63,319.00",6,0.3,0.25,2.94,2.44,1.14,10.01,9.8,11.97,8.97,
,,135,LVF2,10.14,0.28,2.84,9.57,10.15,9.57,"1,600.00",9.86,,135,LVF2,37.63,9.57,10.15,9.57,10.14,10.14,0,0,10.09,"1,600.00",9.86,"16,140.00",5,0.28,0.58,2.84,6.06,0.52,9.81,9.62,11.2,8.76,
,,136,MABEL,599.8,-3.2,-0.53,604,618,593.6,"7,224.00",603,,136,MABEL,28.25,604,618,593.6,599.8,599.8,0,0,607.09,"7,224.00",603,"4,385,599.90",125,-3.2,24.4,-0.53,4.11,-1.21,696.67,0,927,317.7,
,,137,MAKAR,439.9,-0.1,-0.02,443,443.4,438.2,"9,267.00",440,,137,MAKAR,35.34,443,443.4,438.2,439.9,439.9,0,0,441.09,"9,267.00",440,"4,087,596.00",70,-0.1,5.2,-0.02,1.19,-0.27,503.37,520.85,670,427.5,
,,138,MANDU,801,-14,-1.72,815,815,800,"2,241.00",815,,138,MANDU,26.33,815,815,800,801,801,0,0,802.6,"2,241.00",815,"1,798,615.40",53,-14,15,-1.72,1.88,-0.2,821.02,815.43,920,766,
,,139,MATRI,834,4,0.48,811,834,811,278,830,,139,MATRI,31.71,811,834,811,834,834,0,0,823.35,278,830,"228,890.90",17,4,23,0.48,2.84,1.28,915.93,937.29,"1,221.10",786.3,
,,140,MBJC,268.9,1.9,0.71,267,274,265.7,"18,771.00",267,,140,MBJC,29.46,267,274,265.7,268.9,268.9,0,0,268.32,"18,771.00",267,"5,036,630.50",239,1.9,8.3,0.71,3.12,0.22,287.87,286.52,333,261.1,
,,141,MBL,261,1.8,0.69,246.5,264.4,246.5,"173,570.00",259.2,,141,MBL,35.36,246.5,264.4,246.5,261,261,0,0,261.51,"173,570.00",259.2,"45,390,834.00",274,1.8,17.9,0.69,7.26,-0.2,247.51,238.3,284,205,
,,142,MBLEF,10.01,-0.09,-0.89,9.82,10.28,9.8,"1,700.00",10.1,,142,MBLEF,19.22,9.82,10.28,9.8,10.01,10.01,0,0,9.92,"1,700.00",10.1,"16,870.00",12,-0.09,0.48,-0.89,4.9,0.86,10.13,9.85,10.8,8.63,
,,143,MCHL,283.9,0.1,0.04,280,283.9,280,974,283.8,,143,MCHL,36.79,280,283.9,280,283.9,283.9,0,0,281.72,974,283.8,"274,390.80",31,0.1,3.9,0.04,1.39,0.77,351.09,389.05,553,262,
,,144,MDB,588.5,2.5,0.43,595,595,584,"2,478.00",586,,144,MDB,22.73,595,595,584,588.5,588.5,0,0,586.23,"2,478.00",586,"1,452,685.00",17,2.5,11,0.43,1.88,0.39,611.42,603.45,705.8,530.5,
,,145,MEHL,299.9,-2.1,-0.7,304,305,297.1,"2,855.00",302,,145,MEHL,30.73,304,305,297.1,299.9,299.9,0,0,299.12,"2,855.00",302,"853,998.50",53,-2.1,7.9,-0.7,2.66,0.26,393.24,407.27,519,290,
,,146,MEL,217.8,-1.1,-0.5,214.1,219.5,214.1,"3,248.00",218.9,,146,MEL,21.99,214.1,219.5,214.1,217.8,217.8,0,0,217.83,"3,248.00",218.9,"707,527.40",106,-1.1,5.4,-0.5,2.52,-0.02,254.69,263.02,328,203.8,
,,147,MEN,602,6.5,1.09,601,605,597,"50,652.00",595.5,,147,MEN,33.7,601,605,597,602,602,0,0,600.83,"50,652.00",595.5,"30,433,273.00",277,6.5,8,1.09,1.34,0.19,594.44,596.42,683.4,535,
,,148,MERO,672.1,0.9,0.13,676,680.8,670.1,"3,192.00",671.2,,148,MERO,31.44,676,680.8,670.1,672.1,672.1,0,0,672.7,"3,192.00",671.2,"2,147,265.50",36,0.9,10.7,0.13,1.6,-0.09,724.02,734.54,915,655,
,,149,MFIL,784.8,-3.2,-0.41,762,810,762,"16,938.00",788,,149,MFIL,24.19,762,810,762,784.8,784.8,0,0,781.15,"16,938.00",788,"13,231,099.70",72,-3.2,48,-0.41,6.3,0.47,798.77,758.34,938,545,
,,150,MHCL,318,0.1,0.03,317.9,326.9,311,"11,004.00",317.9,,150,MHCL,27.38,317.9,326.9,311,318,318,0,0,315.9,"11,004.00",317.9,"3,476,117.80",124,0.1,15.9,0.03,5.11,0.66,354,368.06,488,301,
,,151,MHL,476,-1.8,-0.38,481,482,468.4,"1,866.00",477.8,,151,MHL,22.3,481,482,468.4,476,476,0,0,474.46,"1,866.00",477.8,"885,344.60",39,-1.8,13.6,-0.38,2.9,0.32,505.77,501.21,612,445,
,,152,MHNL,240.9,-1.1,-0.45,239.2,243.9,238.2,"16,325.00",242,,152,MHNL,27.31,239.2,243.9,238.2,240.9,240.9,0,0,239.47,"16,325.00",242,"3,909,386.50",57,-1.1,5.7,-0.45,2.39,0.59,265.72,260.65,324,223,
,,153,MKCL,"1,105.00",-15,-1.34,"1,100.00","1,125.00","1,091.00","1,754.00","1,120.00",,153,MKCL,26.66,"1,100.00","1,125.00","1,091.00","1,105.00","1,105.00",0,0,"1,102.56","1,754.00","1,120.00","1,933,884.50",52,-15,34,-1.34,3.12,0.22,"1,275.62","1,315.93","1,839.40","1,043.00",
,,154,MKHC,286,1,0.35,285,290,285,"2,648.00",285,,154,MKHC,24.96,285,290,285,286,286,0,0,286.5,"2,648.00",285,"758,646.10",44,1,5,0.35,1.75,-0.17,321.66,338.06,483,275,
,,155,MKHL,502,-2,-0.4,495,504,495,"5,048.00",504,,155,MKHL,42.71,495,504,495,502,502,0,0,500.37,"5,048.00",504,"2,525,891.30",46,-2,9,-0.4,1.82,0.32,632.93,688.22,915,457,
,,156,MKJC,466,3.4,0.73,462.6,475,457.2,"5,108.00",462.6,,156,MKJC,26.36,462.6,475,457.2,466,466,0,0,465.22,"5,108.00",462.6,"2,376,321.50",32,3.4,17.8,0.73,3.89,0.17,502.16,513.11,635,434.1,
,,157,MLBBL,"1,139.00",-3,-0.26,"1,150.00","1,150.00","1,130.10","1,217.00","1,142.00",,157,MLBBL,28.11,"1,150.00","1,150.00","1,130.10","1,139.00","1,139.00",0,0,"1,136.98","1,217.00","1,142.00","1,383,705.90",29,-3,19.9,-0.26,1.76,0.18,"1,242.17","1,312.84","1,683.00","1,076.70",
,,158,MLBL,356.2,-0.8,-0.22,359.8,364.9,356.1,"17,873.00",357,,158,MLBL,28.09,359.8,364.9,356.1,356.2,356.2,0,0,359.43,"17,873.00",357,"6,424,057.10",84,-0.8,8.8,-0.22,2.47,-0.91,368.74,371.66,432,340.1,
,,159,MLBLD89,"1,279.00",-1.4,-0.11,"1,242.00","1,279.00","1,242.00",250,"1,280.40",,159,MLBLD89,27.33,"1,242.00","1,279.00","1,242.00","1,279.00","1,279.00",0,0,"1,256.80",250,"1,280.40","314,200.00",4,-1.4,37,-0.11,2.98,1.74,"1,229.41",0,"1,350.00","1,196.50",
,,160,MLBS,"1,158.00",-1,-0.09,"1,200.00","1,200.00","1,146.00",260,"1,159.00",,160,MLBS,37.18,"1,200.00","1,200.00","1,146.00","1,158.00","1,158.00",0,0,"1,163.42",260,"1,159.00","302,490.00",14,-1,54,-0.09,4.71,-0.47,"1,317.76","1,379.05","1,796.90","1,113.00",
,,161,MLBSL,"1,615.00",-38,-2.3,"1,700.00","1,751.00","1,615.00",607,"1,653.00",,161,MLBSL,27.15,"1,700.00","1,751.00","1,615.00","1,615.00","1,615.00",0,0,"1,666.94",607,"1,653.00","1,011,834.50",28,-38,136,-2.3,8.42,-3.22,"1,816.82","1,872.04","2,360.00","1,615.00",
,,162,MMF1,9.17,0.02,0.22,8.9,9.17,8.9,"103,081.00",9.15,,162,MMF1,30.17,8.9,9.17,8.9,9.17,9.17,0,0,9.06,"103,081.00",9.15,"933,472.00",30,0.02,0.27,0.22,3.03,1.25,9.51,9.22,10.16,8.22,
,,163,MMKJL,481.7,-2.3,-0.48,480,482,475,"2,117.00",484,,163,MMKJL,24.1,480,482,475,481.7,481.7,0,0,476.57,"2,117.00",484,"1,008,891.00",42,-2.3,7,-0.48,1.47,1.07,521.6,548.61,699.9,429.1,
,,164,MNBBL,371.3,0.6,0.16,375,375,370.5,"25,745.00",370.7,,164,MNBBL,26.64,375,375,370.5,371.3,371.3,0,0,372.33,"25,745.00",370.7,"9,585,638.40",159,0.6,4.5,0.16,1.21,-0.28,373.34,367.15,477,340.1,
,,165,MNMF1,9.71,0.11,1.15,9.6,9.71,9.6,"2,900.00",9.6,,165,MNMF1,23.08,9.6,9.71,9.6,9.71,9.71,0,0,9.66,"2,900.00",9.6,"28,022.00",16,0.11,0.11,1.15,1.15,0.49,9.82,9.55,10.4,8.53,
,,166,MPFL,612.5,-7.2,-1.16,625,629.6,612.5,"5,730.00",619.7,,166,MPFL,24.43,625,629.6,612.5,612.5,612.5,0,0,618.8,"5,730.00",619.7,"3,545,698.00",29,-7.2,17.1,-1.16,2.79,-1.03,634.55,616.92,744,491,
,,167,MSHL,612,-8.5,-1.37,607,612,606.4,577,620.5,,167,MSHL,25.53,607,612,606.4,612,612,0,0,609.6,577,620.5,"351,740.70",14,-8.5,5.6,-1.37,0.92,0.39,717.85,771.27,955,576,
,,168,MSLB,"1,317.00",88,7.16,"1,250.00","1,318.00","1,250.00","22,297.00","1,229.00",,168,MSLB,49.01,"1,250.00","1,318.00","1,250.00","1,317.00","1,317.00",0,0,"1,282.99","22,297.00","1,229.00","28,606,817.00",308,88,68,7.16,5.44,2.58,"1,275.92","1,309.91","1,710.00","1,089.90",
,,169,NABBC,795.4,10.2,1.3,799,832,795,"30,482.00",785.2,,169,NABBC,36.09,799,832,795,795.4,795.4,0,0,797.65,"30,482.00",785.2,"24,314,004.30",90,10.2,37,1.3,4.65,-0.28,"1,115.88","1,112.37","1,835.00",662,
,,170,NABIL,557.1,1.1,0.2,528.2,568,528.2,"53,226.00",556,,170,NABIL,27.99,528.2,568,528.2,557.1,557.1,0,0,559.53,"53,226.00",556,"29,781,333.10",510,1.1,39.8,0.2,7.54,-0.44,526.58,518.01,568,471,
,,171,NABILD2089,"1,050.00",-6,-0.57,"1,025.00","1,050.00","1,025.00",550,"1,056.00",,171,NABILD2089,26.04,"1,025.00","1,050.00","1,025.00","1,050.00","1,050.00",0,0,"1,028.67",550,"1,056.00","565,770.00",11,-6,25,-0.57,2.44,2.03,"1,081.44",0,"1,154.00","1,000.00",
,,172,NADEP,740,13,1.79,748.8,748.8,725,749,727,,172,NADEP,26.41,748.8,748.8,725,740,740,0,0,727.77,749,727,"545,098.00",17,13,23.8,1.79,3.28,1.65,762.52,770.55,998,696,
,,173,NBF2,10.14,0.24,2.42,9.92,10.14,9.92,400,9.9,,173,NBF2,18.72,9.92,10.14,9.92,10.14,10.14,0,0,9.98,400,9.9,"3,990.00",3,0.24,0.22,2.42,2.22,1.63,9.96,9.76,10.95,8.89,
,,174,NBF3,9.93,0.05,0.51,9.62,9.93,9.61,"20,900.00",9.88,,174,NBF3,43.23,9.62,9.93,9.61,9.93,9.93,0,0,9.62,"20,900.00",9.88,"201,121.00",28,0.05,0.32,0.51,3.33,3.09,9.88,9.62,10.67,8.35,
,,175,NBL,272,1.7,0.63,257,273,257,"97,552.00",270.3,,175,NBL,42.69,257,273,257,272,272,0,0,270.59,"97,552.00",270.3,"26,396,444.20",263,1.7,16,0.63,6.23,0.52,265.32,257.77,302.9,225.4,
,,176,NESDO,"1,490.00",-5,-0.33,"1,470.00","1,500.00","1,466.00",202,"1,495.00",,176,NESDO,27.4,"1,470.00","1,500.00","1,466.00","1,490.00","1,490.00",0,0,"1,476.13",202,"1,495.00","298,177.50",15,-5,34,-0.33,2.32,0.93,"1,545.20","1,533.41","1,840.00","1,380.10",
,,177,NFS,571.6,-4.4,-0.76,600,600,571.6,"5,830.00",576,,177,NFS,33.41,600,600,571.6,571.6,571.6,0,0,577.79,"5,830.00",576,"3,368,510.00",67,-4.4,28.4,-0.76,4.97,-1.08,607.06,619.17,851,550,
,,178,NGPL,407.2,-0.9,-0.22,400,413,400,"56,271.00",408.1,,178,NGPL,22.72,400,413,400,407.2,407.2,0,0,408.99,"56,271.00",408.1,"23,014,549.10",237,-0.9,13,-0.22,3.25,-0.44,436.71,422.59,502,343,
,,179,NHDL,643,-4,-0.62,649,649,632.1,"1,093.00",647,,179,NHDL,35.33,649,649,632.1,643,643,0,0,640.79,"1,093.00",647,"700,380.90",26,-4,16.9,-0.62,2.67,0.34,645.33,660.69,796,606.3,
,,180,NHPC,273.2,3.8,1.41,261.4,279,261.4,"270,002.00",269.4,,180,NHPC,40.51,261.4,279,261.4,273.2,273.2,0,0,275.04,"270,002.00",269.4,"74,262,194.70",640,3.8,17.6,1.41,6.73,-0.67,273.16,246.44,340,178.6,
,,181,NIBD84,"1,040.00",-10,-0.95,"1,040.00","1,040.00","1,040.00",25,"1,050.00",,181,NIBD84,23.25,"1,040.00","1,040.00","1,040.00","1,040.00","1,040.00",0,0,"1,040.00",25,"1,050.00","26,000.00",1,-10,0,-0.95,0,0,"1,055.34","1,050.68","1,130.00","1,013.70",
,,182,NIBLGF,9.75,0.15,1.56,9.65,9.75,9.65,"55,000.00",9.6,,182,NIBLGF,53.11,9.65,9.75,9.65,9.75,9.75,0,0,9.66,"55,000.00",9.6,"531,250.00",2,0.15,0.1,1.56,1.04,0.93,9.51,9.22,11.81,8.24,
,,183,NIBLSTF,8.7,0.08,0.93,8.41,9.13,8.22,"63,800.00",8.62,,183,NIBLSTF,36.19,8.41,9.13,8.22,8.7,8.7,0,0,8.93,"63,800.00",8.62,"569,587.50",24,0.08,0.91,0.93,11.07,-2.62,9.19,8.97,10.85,8.02,
,,184,NIBSF2,8.81,0.01,0.11,8.8,8.9,8.56,"2,910.00",8.8,,184,NIBSF2,26.76,8.8,8.9,8.56,8.81,8.81,0,0,8.81,"2,910.00",8.8,"25,641.50",9,0.01,0.34,0.11,3.97,-0.02,9.25,9,11.13,8.1,
,,185,NICA,337.9,1.8,0.54,320,356.3,320,"49,827.00",336.1,,185,NICA,26.6,320,356.3,320,337.9,337.9,0,0,336.7,"49,827.00",336.1,"16,776,771.00",261,1.8,36.3,0.54,11.34,0.36,347.61,340.5,411,304.5,
,,186,NICAD2091,"1,031.00",-13.1,-1.25,"1,031.00","1,031.00","1,031.00",50,"1,044.10",,186,NICAD2091,17.38,"1,031.00","1,031.00","1,031.00","1,031.00","1,031.00",0,0,"1,031.00",50,"1,044.10","51,550.00",1,-13.1,0,-1.25,0,0,"1,064.33",0,"1,106.00","1,005.20",
,,187,NICBF,9.4,-0.1,-1.05,9.4,9.4,9.4,500,9.5,,187,NICBF,36.77,9.4,9.4,9.4,9.4,9.4,0,0,9.4,500,9.5,"4,700.00",1,-0.1,0,-1.05,0,0,9.47,9.31,11.2,8.45,
,,188,NICD88,"1,100.00",0,0,"1,085.00","1,100.00","1,085.00",75,"1,100.00",,188,NICD88,32.37,"1,085.00","1,100.00","1,085.00","1,100.00","1,100.00",0,0,"1,095.00",75,"1,100.00","82,125.00",2,0,15,0,1.38,0.45,"1,075.29","1,062.99","1,153.00","1,019.20",
,,189,NICFC,9.34,0.24,2.64,9.02,9.34,9.01,"11,200.00",9.1,,189,NICFC,26.33,9.02,9.34,9.01,9.34,9.34,0,0,9.03,"11,200.00",9.1,"101,110.00",14,0.24,0.33,2.64,3.66,3.34,9.35,9.19,10.4,8.37,
,,190,NICGF2,9.25,0.21,2.32,9.08,9.25,9.08,"10,900.00",9.04,,190,NICGF2,26.73,9.08,9.25,9.08,9.25,9.25,0,0,9.24,"10,900.00",9.04,"100,729.00",9,0.21,0.17,2.32,1.87,0.1,9.42,9.23,10.13,8.33,
,,191,NICL,508,1,0.2,507,513.9,505,"7,848.00",507,,191,NICL,31.39,507,513.9,505,508,508,0,0,506.92,"7,848.00",507,"3,978,328.50",45,1,8.9,0.2,1.76,0.21,511.06,512.21,671,475,
,,192,NICLBSL,559,1,0.18,560,570,556,"8,118.00",558,,192,NICLBSL,29.54,560,570,556,559,559,0,0,562.51,"8,118.00",558,"4,566,418.60",90,1,14,0.18,2.52,-0.63,576.12,571.54,717,527,
,,193,NICSF,9,0,0,8.75,9.11,8.75,"350,000.00",9,,193,NICSF,38.92,8.75,9.11,8.75,9,9,0,0,9.08,"350,000.00",9,"3,178,180.00",14,0,0.36,0,4.11,-0.89,9.27,9.06,9.99,8.04,
,,194,NIFRA,247,-2.1,-0.84,248.1,252,247,"76,079.00",249.1,,194,NIFRA,28.62,248.1,252,247,247,247,0,0,248.39,"76,079.00",249.1,"18,897,183.70",425,-2.1,5,-0.84,2.02,-0.56,263.05,265.08,302,240,
,,195,NIFRAGED,"1,026.20",0.2,0.02,"1,026.00","1,026.20","1,026.00",75,"1,026.00",,195,NIFRAGED,31.66,"1,026.00","1,026.20","1,026.00","1,026.20","1,026.20",0,0,"1,026.13",75,"1,026.00","76,960.00",3,0.2,0.2,0.02,0.02,0.01,"1,042.68","1,027.34","1,200.20",948,
,,196,NIFRAUR85/86,"1,033.00",-0.2,-0.02,"1,033.00","1,033.00","1,033.00",30,"1,033.20",,196,NIFRAUR85/86,35.89,"1,033.00","1,033.00","1,033.00","1,033.00","1,033.00",0,0,"1,033.00",30,"1,033.20","30,990.00",1,-0.2,0,-0.02,0,0,"1,003.11",0,"1,128.00",990,
,,197,NIL,624,4,0.65,620,630,616,"10,157.00",620,,197,NIL,36.49,620,630,616,624,624,0,0,621.2,"10,157.00",620,"6,309,575.30",46,4,14,0.65,2.27,0.45,629.11,623.13,743,562,
,,198,NIMB,200.8,1.1,0.55,190,204.2,190,"168,350.00",199.7,,198,NIMB,28,190,204.2,190,200.8,200.8,0,0,202.32,"168,350.00",199.7,"34,059,912.10",463,1.1,14.2,0.55,7.47,-0.76,199.91,198.11,234.9,184,
,,199,NIMBD90,"1,245.00",-21,-1.66,"1,266.00","1,266.00","1,245.00",35,"1,266.00",,199,NIMBD90,16.28,"1,266.00","1,266.00","1,245.00","1,245.00","1,245.00",0,0,"1,260.00",35,"1,266.00","44,100.00",2,-21,21,-1.66,1.69,-1.2,"1,222.62","1,195.04","1,425.00","1,140.00",
,,200,NIMBPO,145.5,-1.5,-1.02,143,147,143,"91,655.00",147,,200,NIMBPO,40.68,143,147,143,145.5,145.5,0,0,146.1,"91,655.00",147,"13,390,653.10",32,-1.5,4,-1.02,2.8,-0.41,153.17,155.13,174.9,139,
,,201,NLG,579,-5,-0.86,567.3,584.3,567.3,"3,859.00",584,,201,NLG,21.14,567.3,584.3,567.3,579,579,0,0,576.72,"3,859.00",584,"2,225,578.60",38,-5,17,-0.86,3,0.39,626.5,649.45,890,546,
,,202,NLIC,759.9,0.1,0.01,751,760,751,"22,489.00",759.8,,202,NLIC,33.86,751,760,751,759.9,759.9,0,0,758.02,"22,489.00",759.8,"17,047,046.20",135,0.1,9,0.01,1.2,0.25,769.48,780.52,872,702,
,,203,NLICL,572,11.9,2.12,566,579,564,"36,736.00",560.1,,203,NLICL,29.08,566,579,564,572,572,0,0,568.78,"36,736.00",560.1,"20,894,752.40",101,11.9,15,2.12,2.66,0.56,587.34,593.06,661,539,
,,204,NMB,248,-1.9,-0.76,237.5,253,237.5,"85,413.00",249.9,,204,NMB,29.57,237.5,253,237.5,248,248,0,0,249.46,"85,413.00",249.9,"21,306,777.10",214,-1.9,15.5,-0.76,6.53,-0.59,244.33,243.92,283,230,
,,205,NMB50,10.5,0.11,1.06,10.55,10.6,10.5,"32,115.00",10.39,,205,NMB50,37.28,10.55,10.6,10.5,10.5,10.5,0,0,10.58,"32,115.00",10.39,"339,832.25",8,0.11,0.1,1.06,0.95,-0.78,10.49,10.38,11.93,9.75,
,,206,NMBHF2,9.77,0.18,1.88,9.58,9.77,9.5,"14,041.00",9.59,,206,NMBHF2,32.07,9.58,9.77,9.5,9.77,9.77,0,0,9.65,"14,041.00",9.59,"135,543.07",16,0.18,0.27,1.88,2.84,1.19,9.68,9.49,10.2,8.57,
,,207,NMBMF,625,9,1.46,626,626,616,510,616,,207,NMBMF,23.43,626,626,616,625,625,0,0,620.14,510,616,"316,273.00",8,9,10,1.46,1.62,0.78,650.16,662.79,787.9,582,
,,208,NMFBS,"1,113.40",-6.6,-0.59,"1,120.00","1,120.00","1,113.00","4,457.00","1,120.00",,208,NMFBS,28.4,"1,120.00","1,120.00","1,113.00","1,113.40","1,113.40",0,0,"1,117.44","4,457.00","1,120.00","4,980,451.00",54,-6.6,7,-0.59,0.63,-0.36,"1,132.58","1,171.63","1,432.00","1,051.90",
,,209,NMIC,930,5,0.54,925,944,922,"1,902.00",925,,209,NMIC,32.37,925,944,922,930,930,0,0,926.41,"1,902.00",925,"1,762,028.30",97,5,22,0.54,2.39,0.39,"1,119.37","1,175.90","1,639.00",860,
,,210,NMLBBL,523.9,1.9,0.36,520,531,516,"4,606.00",522,,210,NMLBBL,25.96,520,531,516,523.9,523.9,0,0,525.83,"4,606.00",522,"2,421,973.70",50,1.9,15,0.36,2.91,-0.37,598.05,614.39,760,496.1,
,,211,NRIC,956,-14,-1.44,970,979.9,951.8,"21,392.00",970,,211,NRIC,25,970,979.9,951.8,956,956,0,0,966.1,"21,392.00",970,"20,666,868.20",198,-14,28.1,-1.44,2.95,-1.06,"1,049.09","1,134.91","1,842.00",865,
,,212,NRM,313,-2,-0.63,310.1,318,310.1,"3,250.00",315,,212,NRM,31.65,310.1,318,310.1,313,313,0,0,315.18,"3,250.00",315,"1,024,325.50",63,-2,7.9,-0.63,2.55,-0.7,382.76,398.05,590,295.1,
,,213,NRN,"1,417.00",-3,-0.21,"1,440.00","1,450.00","1,356.00","108,905.00","1,420.00",,213,NRN,28.22,"1,440.00","1,450.00","1,356.00","1,417.00","1,417.00",0,0,"1,391.68","108,905.00","1,420.00","151,560,667.70",347,-3,94,-0.21,6.93,1.79,"1,473.45","1,523.26","2,366.00","1,280.00",
,,214,NSIF2,10.67,0.01,0.09,10.67,10.88,10.67,"1,100.00",10.66,,214,NSIF2,20.34,10.67,10.88,10.67,10.67,10.67,0,0,10.75,"1,100.00",10.66,"11,822.00",6,0.01,0.21,0.09,1.97,-0.72,10.75,10.58,11.7,9.75,
,,215,NSY,9.35,-0.1,-1.06,9.3,9.67,9.15,"33,000.00",9.45,,215,NSY,40.88,9.3,9.67,9.15,9.35,9.35,0,0,9.6,"33,000.00",9.45,"316,840.00",26,-0.1,0.52,-1.06,5.68,-2.69,0,0,10.19,9,
,,216,NTC,860,-1,-0.12,870,875.1,857.1,"27,525.00",861,,216,NTC,33.56,870,875.1,857.1,860,860,0,0,865.53,"27,525.00",861,"23,823,621.60",265,-1,18,-0.12,2.1,-0.64,867.16,867.67,942.5,762.5,
,,217,NUBL,621.9,11.9,1.95,621,624.9,611,856,610,,217,NUBL,28.77,621,624.9,611,621.9,621.9,0,0,620.4,856,610,"531,062.10",26,11.9,13.9,1.95,2.27,0.24,668.54,691.86,815,582.2,
,,218,NWCL,709.9,-4.4,-0.62,710,710.2,697.1,"1,543.00",714.3,,218,NWCL,24.96,710,710.2,697.1,709.9,709.9,0,0,703.54,"1,543.00",714.3,"1,085,561.00",33,-4.4,13.1,-0.62,1.88,0.9,807.94,815.09,"1,045.00",691,
,,219,NYADI,372.8,2.8,0.76,366.3,377,366.3,"2,444.00",370,,219,NYADI,39.63,366.3,377,366.3,372.8,372.8,0,0,372.11,"2,444.00",370,"909,428.90",67,2.8,10.7,0.76,2.92,0.19,397.19,396.68,482,341,
,,220,OHL,678.6,0.6,0.09,684,684,658,"2,620.00",678,,220,OHL,47.09,684,684,658,678.6,678.6,0,0,662.68,"2,620.00",678,"1,736,233.70",35,0.6,26,0.09,3.95,2.35,703.92,705,916,633.1,
,,221,OMPL,936,-4,-0.43,921,950,920.1,"2,422.00",940,,221,OMPL,29.37,921,950,920.1,936,936,0,0,934.65,"2,422.00",940,"2,263,727.90",88,-4,29.9,-0.43,3.25,0.14,"1,174.10","1,203.61","1,575.90",848,
,,222,PBD84,"1,102.00",35,3.28,"1,070.00","1,102.00","1,070.00",125,"1,067.00",,222,PBD84,29.94,"1,070.00","1,102.00","1,070.00","1,102.00","1,102.00",0,0,"1,076.40",125,"1,067.00","134,550.00",2,35,32,3.28,2.99,2.32,"1,103.37","1,090.77","1,182.00","1,067.00",
,,223,PBLD87,"1,100.00",-1,-0.09,"1,100.00","1,100.00","1,100.00",25,"1,101.00",,223,PBLD87,16.29,"1,100.00","1,100.00","1,100.00","1,100.00","1,100.00",0,0,"1,100.00",25,"1,101.00","27,500.00",1,-1,0,-0.09,0,0,"1,079.93","1,063.47","1,150.00","1,021.30",
,,224,PCBL,246.5,-0.5,-0.2,247.5,249.8,245.2,"71,311.00",247,,224,PCBL,38.25,247.5,249.8,245.2,246.5,246.5,0,0,247.14,"71,311.00",247,"17,623,542.70",216,-0.5,4.6,-0.2,1.88,-0.26,241.13,243.07,275.9,225,
,,225,PCIL,650,-4,-0.61,650,671,641,"35,221.00",654,,225,PCIL,21.37,650,671,641,650,650,0,0,655.94,"35,221.00",654,"23,103,005.30",936,-4,30,-0.61,4.68,-0.91,0,0,"1,280.00",300,
,,226,PHCL,298,-1.7,-0.57,300,302.8,298,"41,767.00",299.7,,226,PHCL,25.59,300,302.8,298,298,298,0,0,298.67,"41,767.00",299.7,"12,474,451.40",196,-1.7,4.8,-0.57,1.61,-0.22,307.32,303.93,520,249.7,
,,227,PMHPL,318.5,3.5,1.11,315,325,309,"4,488.00",315,,227,PMHPL,26.01,315,325,309,318.5,318.5,0,0,318.44,"4,488.00",315,"1,429,144.00",34,3.5,16,1.11,5.18,0.02,344.9,339.16,468,287,
,,228,PMLI,441.3,-0.9,-0.2,445,446,441.3,"2,835.00",442.2,,228,PMLI,25.29,445,446,441.3,441.3,441.3,0,0,442.09,"2,835.00",442.2,"1,253,326.20",99,-0.9,4.7,-0.2,1.07,-0.18,474.62,482.37,543.6,424.2,
,,229,PPCL,348,2.1,0.61,328.7,348,328.7,"23,601.00",345.9,,229,PPCL,33.13,328.7,348,328.7,348,348,0,0,344.24,"23,601.00",345.9,"8,124,309.30",66,2.1,19.3,0.61,5.87,1.08,378.43,365.64,462,284.1,
,,230,PPL,322,-4,-1.23,310,329.8,310,"28,178.00",326,,230,PPL,28.81,310,329.8,310,322,322,0,0,324.68,"28,178.00",326,"9,148,796.00",137,-4,19.8,-1.23,6.39,-0.83,360.8,352.52,425,263.2,
,,231,PRIN,673.2,-6.8,-1,682,682,671,"1,453.00",680,,231,PRIN,29.33,682,682,671,673.2,673.2,0,0,675.09,"1,453.00",680,"980,901.70",23,-6.8,11,-1,1.64,-0.28,697.63,692.24,829,630,
,,232,PROFL,432,-1,-0.23,430,436,430,"2,347.00",433,,232,PROFL,23.36,430,436,430,432,432,0,0,432.61,"2,347.00",433,"1,015,336.40",19,-1,6,-0.23,1.4,-0.14,453.57,457.75,555,415,
,,233,PRSF,12.88,-0.05,-0.39,12.73,12.88,12.73,300,12.93,,233,PRSF,19.77,12.73,12.88,12.73,12.88,12.88,0,0,12.78,300,12.93,"3,834.00",3,-0.05,0.15,-0.39,1.18,0.78,12.41,11.81,13.61,9.85,
,,234,PRVU,196,-0.5,-0.25,187.7,199,187.7,"109,428.00",196.5,,234,PRVU,26.36,187.7,199,187.7,196,196,0,0,197.61,"109,428.00",196.5,"21,624,379.90",369,-0.5,11.3,-0.25,6.02,-0.82,198.09,194.92,241,179.9,
,,235,PSF,12,0.26,2.21,12,12,11.82,"19,500.00",11.74,,235,PSF,24.51,12,12,11.82,12,12,0,0,11.95,"19,500.00",11.74,"233,042.00",19,0.26,0.18,2.21,1.52,0.41,11.88,11.42,13,9.91,
,,236,PURE,850,-13,-1.51,851,873,844,"6,331.00",863,,236,PURE,26.67,851,873,844,850,850,0,0,850.94,"6,331.00",863,"5,387,271.60",104,-13,29,-1.51,3.44,-0.11,927.32,930.89,"1,262.00",706.2,
,,237,RADHI,730,1,0.14,700,742.6,700,"46,959.00",729,,237,RADHI,25.82,700,742.6,700,730,730,0,0,717.25,"46,959.00",729,"33,681,536.60",239,1,42.6,0.14,6.09,1.75,790.15,780.53,940,618.8,
,,238,RAWA,423.4,-6.6,-1.53,433.8,434,423.4,"22,450.00",430,,238,RAWA,29.74,433.8,434,423.4,423.4,423.4,0,0,428.66,"22,450.00",430,"9,623,494.30",125,-6.6,10.6,-1.53,2.5,-1.24,596.17,639.48,851.7,399,
,,239,RBBF40,9.22,0.19,2.1,9.2,9.27,9,"13,150.00",9.03,,239,RBBF40,18.29,9.2,9.27,9,9.22,9.22,0,0,9.11,"13,150.00",9.03,"119,847.80",18,0.19,0.27,2.1,3,1.15,9.45,0,10.36,8.95,
,,240,RBCL,"14,590.00",384,2.7,"14,251.00","14,590.00","14,250.00",50,"14,206.00",,240,RBCL,25.39,"14,251.00","14,590.00","14,250.00","14,590.00","14,590.00",0,0,"14,318.20",50,"14,206.00","715,910.00",3,384,340,2.7,2.39,1.86,"15,028.51","14,997.07","16,599.00","14,000.00",
,,241,RBCLPO,"11,380.00",-213,-1.84,"11,410.00","11,410.00","11,380.00",20,"11,593.00",,241,RBCLPO,33.9,"11,410.00","11,410.00","11,380.00","11,380.00","11,380.00",0,0,"11,395.00",20,"11,593.00","227,900.00",2,-213,30,-1.84,0.26,-0.13,"11,959.93","12,073.59","13,420.90","11,000.00",#REF!
,,242,RFPL,334.9,-0.4,-0.12,340,340,330.1,"19,056.00",335.3,,242,RFPL,28.63,340,340,330.1,334.9,334.9,0,0,335.57,"19,056.00",335.3,"6,394,540.40",131,-0.4,9.9,-0.12,3,-0.2,375.76,374.67,704,306,
,,243,RHGCL,262.9,-2.1,-0.79,258.3,266,258.3,"17,837.00",265,,243,RHGCL,23.9,258.3,266,258.3,262.9,262.9,0,0,262,"17,837.00",265,"4,673,362.00",114,-2.1,7.7,-0.79,2.98,0.34,287.87,278.26,353,217.2,
,,244,RHPL,257.3,-2.6,-1,255.5,260,255.5,"16,246.00",259.9,,244,RHPL,28.41,255.5,260,255.5,257.3,257.3,0,0,258.15,"16,246.00",259.9,"4,193,908.70",121,-2.6,4.5,-1,1.76,-0.33,280.02,277.86,350,251.3,
,,245,RIDI,367.8,-2.2,-0.59,370.2,376,366,"560,763.00",370,,245,RIDI,36.91,370.2,376,366,367.8,367.8,0,0,371.34,"560,763.00",370,"208,233,148.60",905,-2.2,10,-0.59,2.73,-0.96,341.88,303.57,393,203.5,
,,246,RLEL,909.9,24.2,2.73,865,916,865,"17,588.00",885.7,,246,RLEL,43.35,865,916,865,909.9,909.9,0,0,900.85,"17,588.00",885.7,"15,844,224.20",301,24.2,51,2.73,5.9,0.99,0,0,"1,592.30",300,
,,247,RLFL,466.8,1.8,0.39,469.6,470.7,460,"14,449.00",465,,247,RLFL,31.96,469.6,470.7,460,466.8,466.8,0,0,462.68,"14,449.00",465,"6,685,255.50",74,1.8,10.7,0.39,2.33,0.88,459.56,451.02,535,398,
,,248,RMF1,9.62,-0.16,-1.64,9.56,9.84,9.56,"13,900.00",9.78,,248,RMF1,26.97,9.56,9.84,9.56,9.62,9.62,0,0,9.7,"13,900.00",9.78,"134,879.80",14,-0.16,0.28,-1.64,2.93,-0.87,9.78,9.58,11.4,8.65,
,,249,RMF2,9.8,-0.27,-2.68,9.8,9.8,9.8,100,10.07,,249,RMF2,16.79,9.8,9.8,9.8,9.8,9.8,0,0,9.8,100,10.07,980,1,-0.27,0,-2.68,0,0,10.05,9.76,10.71,8.78,
,,250,RNLI,442.9,-1.6,-0.36,430,445,430,"9,208.00",444.5,,250,RNLI,32.89,430,445,430,442.9,442.9,0,0,442.53,"9,208.00",444.5,"4,074,855.40",245,-1.6,15,-0.36,3.49,0.08,463.72,468.67,520.2,416,
,,251,RSDC,640.5,2.3,0.36,642,645,640.2,"1,446.00",638.2,,251,RSDC,33.41,642,645,640.2,640.5,640.5,0,0,641.96,"1,446.00",638.2,"928,280.50",23,2.3,4.8,0.36,0.75,-0.23,668.88,659.21,790,578.7,
,,252,RSML,"2,780.00",-219,-7.3,"3,148.00","3,148.00","2,775.00","95,826.00","2,999.00",,252,RSML,26.51,"3,148.00","3,148.00","2,775.00","2,780.00","2,780.00",0,0,"2,883.22","95,826.00","2,999.00","276,287,011.90","1,983",-219,373,-7.3,13.44,-3.71,0,0,"5,049.00",300,
,,253,RSY,10.31,0.01,0.1,10.31,10.4,10.31,"2,000.00",10.3,,253,RSY,32.97,10.31,10.4,10.31,10.31,10.31,0,0,10.34,"2,000.00",10.3,"20,675.00",15,0.01,0.09,0.1,0.87,-0.27,10.15,9.85,10.7,8.63,
,,254,RURU,613,-1.1,-0.18,615,619,610,"6,021.00",614.1,,254,RURU,30.66,615,619,610,613,613,0,0,613.8,"6,021.00",614.1,"3,695,687.30",51,-1.1,9,-0.18,1.48,-0.13,654.85,676.66,830,591,
,,255,SABBL,"1,000.00",-45,-4.31,"1,085.00","1,085.00","1,000.00","20,763.00","1,045.00",,255,SABBL,22.31,"1,085.00","1,085.00","1,000.00","1,000.00","1,000.00",0,0,"1,020.98","20,763.00","1,045.00","21,198,519.20",423,-45,85,-4.31,8.5,-2.1,0,0,"2,000.00",300,
,,256,SADBL,416,-1.5,-0.36,420.9,424.9,416,"28,169.00",417.5,,256,SADBL,29.14,420.9,424.9,416,416,416,0,0,418.98,"28,169.00",417.5,"11,802,300.10",102,-1.5,8.9,-0.36,2.14,-0.72,417.89,412.69,484,376,
,,257,SAGAR,"1,779.90",69.9,4.09,"1,700.00","1,791.00","1,700.00","25,363.00","1,710.00",,257,SAGAR,41.24,"1,700.00","1,791.00","1,700.00","1,779.90","1,779.90",0,0,"1,760.23","25,363.00","1,710.00","44,644,757.40",271,69.9,91,4.09,5.35,1.11,"1,796.25",0,"2,439.00",319.5,
,,258,SAGF,10.4,0.35,3.48,10.15,10.4,10.15,"16,700.00",10.05,,258,SAGF,49.01,10.15,10.4,10.15,10.4,10.4,0,0,10.33,"16,700.00",10.05,"172,430.00",9,0.35,0.25,3.48,2.46,0.72,10.13,9.93,11.31,8.79,
,,259,SAHAS,677.7,12.7,1.91,670,683,666,"173,114.00",665,,259,SAHAS,40.48,670,683,666,677.7,677.7,0,0,675.14,"173,114.00",665,"116,875,975.00","1,085",12.7,17,1.91,2.55,0.38,629.11,614.07,716.6,535.3,
,,260,SAIL,"1,144.40",45.4,4.13,"1,060.00","1,229.00","1,055.00","132,563.00","1,099.00",,260,SAIL,42.79,"1,060.00","1,229.00","1,055.00","1,144.40","1,144.40",0,0,"1,135.60","132,563.00","1,099.00","150,538,208.00","1,335",45.4,174,4.13,16.49,0.77,"1,172.55",0,"1,690.00",301.7,
,,261,SALICO,600,-2.7,-0.45,611,611,600,"4,203.00",602.7,,261,SALICO,36.9,611,611,600,600,600,0,0,600.18,"4,203.00",602.7,"2,522,572.00",22,-2.7,11,-0.45,1.83,-0.03,606.24,604.29,728.9,570,
,,262,SANIMA,374.2,1.5,0.4,354.1,378,354.1,"92,433.00",372.7,,262,SANIMA,32.36,354.1,378,354.1,374.2,374.2,0,0,374.83,"92,433.00",372.7,"34,647,052.10",316,1.5,23.9,0.4,6.75,-0.17,353.45,341.75,390.6,295,
,,263,SANVI,605,1,0.17,596,620,596,"6,953.00",604,,263,SANVI,26.06,596,620,596,605,605,0,0,608.92,"6,953.00",604,"4,233,824.80",147,1,24,0.17,4.03,-0.65,723.32,713.03,"1,060.00",536,
,,264,SAPDBL,960,101.1,11.77,840,960,805,"208,760.00",858.9,,264,SAPDBL,49.01,840,960,805,960,960,0,0,843.09,"208,760.00",858.9,"176,003,548.50",666,101.1,155,11.77,19.25,12.18,835.31,833.72,"1,065.70",686,
,,265,SARBTM,795,4.9,0.62,799,799,790,"4,484.00",790.1,,265,SARBTM,39.69,799,799,790,795,795,0,0,791.47,"4,484.00",790.1,"3,548,941.90",56,4.9,9,0.62,1.14,0.44,847.55,859.64,"1,000.00",750,
,,266,SBCF,9.5,-0.1,-1.04,9.4,9.5,9.35,"20,630.00",9.6,,266,SBCF,24.41,9.4,9.5,9.35,9.5,9.5,0,0,9.4,"20,630.00",9.6,"194,000.00",13,-0.1,0.15,-1.04,1.6,1.01,9.74,9.53,11.57,8.82,
,,267,SBD87,"1,080.00",-7,-0.64,"1,100.00","1,100.00","1,080.00",100,"1,087.00",,267,SBD87,21.12,"1,100.00","1,100.00","1,080.00","1,080.00","1,080.00",0,0,"1,090.00",100,"1,087.00","109,000.00",2,-7,20,-0.64,1.85,-0.93,"1,088.31","1,072.24","1,210.00","1,030.00",
,,268,SBI,408,0,0,388,415,388,"12,594.00",408,,268,SBI,23.48,388,415,388,408,408,0,0,408.45,"12,594.00",408,"5,144,034.60",63,0,27,0,6.96,-0.11,403.67,402.57,441,363,
,,269,SBID83,"1,055.00",0,0,"1,055.00","1,055.00","1,055.00",25,"1,055.00",,269,SBID83,20.06,"1,055.00","1,055.00","1,055.00","1,055.00","1,055.00",0,0,"1,055.00",25,"1,055.00","26,375.00",2,0,0,0,0,0,"1,081.28","1,082.90","1,226.00","1,050.00",
,,270,SBL,420,5.6,1.35,394,424.7,394,"247,131.00",414.4,,270,SBL,40.19,394,424.7,394,420,420,0,0,419.67,"247,131.00",414.4,"103,713,778.90",431,5.6,30.7,1.35,7.79,0.08,394.05,382.67,424.7,320.5,
,,271,SBLD2091,"1,065.00",0,0,"1,065.00","1,065.00","1,065.00",25,"1,065.00",,271,SBLD2091,16.83,"1,065.00","1,065.00","1,065.00","1,065.00","1,065.00",0,0,"1,065.00",25,"1,065.00","26,625.00",1,0,0,0,0,0,"1,081.97",0,"1,150.00",825.35,
,,272,SBLD89,"1,240.00",0,0,"1,240.00","1,240.00","1,240.00",25,"1,240.00",,272,SBLD89,16.17,"1,240.00","1,240.00","1,240.00","1,240.00","1,240.00",0,0,"1,240.00",25,"1,240.00","31,000.00",1,0,0,0,0,0,"1,229.85",0,"1,450.00","1,190.00",
,,273,SCB,651,0,0,618.5,665,618.5,"17,434.00",651,,273,SCB,28.67,618.5,665,618.5,651,651,0,0,652.7,"17,434.00",651,"11,379,156.80",93,0,46.5,0,7.52,-0.26,650.76,645.54,712.6,594.9,
,,274,SEF,9.79,-0.01,-0.1,9.8,10.09,9.7,"29,870.00",9.8,,274,SEF,29.57,9.8,10.09,9.7,9.79,9.79,0,0,9.92,"29,870.00",9.8,"296,427.40",15,-0.01,0.39,-0.1,4.02,-1.37,9.98,9.78,11.53,8.6,
,,275,SFEF,10.1,0.1,1,10,10.1,10,"12,300.00",10,,275,SFEF,29.57,10,10.1,10,10.1,10.1,0,0,10.08,"12,300.00",10,"123,959.92",4,0.1,0.1,1,1,0.22,10.04,9.8,11.12,8.82,
,,276,SFMF,10.25,0.1,0.99,10.25,10.25,10.25,"4,832.00",10.15,,276,SFMF,39.97,10.25,10.25,10.25,10.25,10.25,0,0,10.25,"4,832.00",10.15,"49,528.00",1,0.1,0,0.99,0,0,10.37,10.2,11.74,9.4,
,,277,SGHC,316.9,-0.1,-0.03,317,322.9,312,"49,048.00",317,,277,SGHC,38.64,317,322.9,312,316.9,316.9,0,0,316.34,"49,048.00",317,"15,515,813.80",183,-0.1,10.9,-0.03,3.49,0.18,376.75,381.12,487.6,296,
,,278,SGHL,529.6,0.6,0.11,520,544.8,520,"101,464.00",529,,278,SGHL,37.54,520,544.8,520,529.6,529.6,0,0,532.32,"101,464.00",529,"54,010,877.80","3,825",0.6,24.8,0.11,4.77,-0.51,0,0,587,299.3,
,,279,SGIC,463,-2,-0.43,469,469,459.1,"8,193.00",465,,279,SGIC,25.98,469,469,459.1,463,463,0,0,461.49,"8,193.00",465,"3,781,009.20",100,-2,9.9,-0.43,2.16,0.33,479.59,478.55,601.8,437,
,,280,SHEL,307,-0.7,-0.23,307,309,306.6,"45,753.00",307.7,,280,SHEL,33.36,307,309,306.6,307,307,0,0,307.71,"45,753.00",307.7,"14,078,483.30",198,-0.7,2.4,-0.23,0.78,-0.23,311.72,303.02,361,262,
,,281,SHINE,411.9,-1.1,-0.27,407.4,415,407.4,"8,517.00",413,,281,SHINE,23.32,407.4,415,407.4,411.9,411.9,0,0,411.25,"8,517.00",413,"3,502,623.00",45,-1.1,7.6,-0.27,1.87,0.16,411.08,408.94,460,382,
,,282,SHIVM,646.5,4.5,0.7,642,650,642,"71,310.00",642,,282,SHIVM,32.61,642,650,642,646.5,646.5,0,0,646.32,"71,310.00",642,"46,089,393.40",285,4.5,8,0.7,1.25,0.03,654.85,636.8,730,524,
,,283,SHL,500,-1,-0.2,500,504,498,"23,716.00",501,,283,SHL,28.22,500,504,498,500,500,0,0,501.38,"23,716.00",501,"11,890,689.30",64,-1,6,-0.2,1.2,-0.28,500.31,502.14,580,464,
,,284,SHLB,"1,489.80",15.8,1.07,"1,474.00","1,511.00","1,430.00","1,192.00","1,474.00",,284,SHLB,48.59,"1,474.00","1,511.00","1,430.00","1,489.80","1,489.80",0,0,"1,437.96","1,192.00","1,474.00","1,714,046.00",23,15.8,81,1.07,5.66,3.48,"1,531.00","1,590.68","2,147.00","1,395.00",
,,285,SHPC,503,2,0.4,504,508,500.3,"29,198.00",501,,285,SHPC,27.1,504,508,500.3,503,503,0,0,502.32,"29,198.00",501,"14,666,639.50",94,2,7.7,0.4,1.54,0.14,522.08,523.39,612,475,
,,286,SICL,617,4,0.65,620,629.9,616.1,"11,375.00",613,,286,SICL,40.93,620,629.9,616.1,617,617,0,0,618.93,"11,375.00",613,"7,040,291.00",60,4,13.8,0.65,2.24,-0.31,629.79,631.99,790,588.8,
,,287,SIFC,514.2,-4.8,-0.92,510,525,510,"24,228.00",519,,287,SIFC,37.68,510,525,510,514.2,514.2,0,0,513.15,"24,228.00",519,"12,432,545.00",54,-4.8,15,-0.92,2.94,0.2,559.18,544.25,687.4,459,
,,288,SIGS2,10.81,0.31,2.95,10.8,10.81,10.8,"10,000.00",10.5,,288,SIGS2,46.75,10.8,10.81,10.8,10.81,10.81,0,0,10.8,"10,000.00",10.5,"108,020.50",5,0.31,0.01,2.95,0.09,0.07,10.25,9.97,11.7,8.9,
,,289,SIGS3,10.55,0.13,1.25,10.47,10.78,10.47,"2,056.00",10.42,,289,SIGS3,34.53,10.47,10.78,10.47,10.55,10.55,0,0,10.71,"2,056.00",10.42,"22,011.68",5,0.13,0.31,1.25,2.96,-1.48,10.59,10.25,11.58,8.5,
,,290,SIKLES,560,1,0.18,569.9,569.9,556.3,"11,913.00",559,,290,SIKLES,27.67,569.9,569.9,556.3,560,560,0,0,558.38,"11,913.00",559,"6,651,990.90",46,1,13.6,0.18,2.44,0.29,596.11,602.27,"1,177.00",540,
,,291,SINDU,721.9,-2,-0.28,716.3,729.9,716.3,"11,190.00",723.9,,291,SINDU,43.76,716.3,729.9,716.3,721.9,721.9,0,0,723.14,"11,190.00",723.9,"8,091,928.70",94,-2,13.6,-0.28,1.9,-0.17,746.65,741.02,919.9,608,
,,292,SIPD,697,17,2.5,661,709.6,661,"46,085.00",680,,292,SIPD,42.46,661,709.6,661,697,697,0,0,695.31,"46,085.00",680,"32,043,492.40",616,17,48.6,2.5,7.35,0.24,0,0,"1,216.80",284.3,
,,293,SJCL,273,-2,-0.73,272,276,271,"4,175.00",275,,293,SJCL,23.41,272,276,271,273,273,0,0,273.87,"4,175.00",275,"1,143,404.20",69,-2,5,-0.73,1.85,-0.32,299.78,295.94,365,263.2,
,,294,SJLIC,417,-2,-0.48,412,422,412,"14,940.00",419,,294,SJLIC,30.96,412,422,412,417,417,0,0,418.42,"14,940.00",419,"6,251,200.20",135,-2,10,-0.48,2.43,-0.34,435.23,440.72,489.9,390,
,,295,SKBBL,759.1,2.1,0.28,757,761.1,756.5,"14,511.00",757,,295,SKBBL,27.58,757,761.1,756.5,759.1,759.1,0,0,759.18,"14,511.00",757,"11,016,501.20",99,2.1,4.6,0.28,0.61,-0.01,768.1,790.51,954.8,740,
,,296,SKHEL,993,15,1.53,965,"1,023.00",945,"1,821.00",978,,296,SKHEL,17.84,965,"1,023.00",945,993,993,0,0,983.47,"1,821.00",978,"1,790,892.20",75,15,78,1.53,8.25,0.96,0,0,"2,069.40",284.3,
,,297,SKHL,914,30,3.39,884,980,857.5,"15,442.00",884,,297,SKHL,34.43,884,980,857.5,914,914,0,0,907.49,"15,442.00",884,"14,013,497.50",421,30,122.5,3.39,14.29,0.71,0,0,"1,360.00",300,
,,298,SLBBL,809,6,0.75,815,815,808,"3,294.00",803,,298,SLBBL,27.18,815,815,808,809,809,0,0,810.24,"3,294.00",803,"2,668,920.40",41,6,7,0.75,0.87,-0.15,823.9,841.56,"1,099.00",770.1,
,,299,SLBSL,"1,060.00",-25,-2.3,"1,100.00","1,100.00","1,060.00","2,121.00","1,085.00",,299,SLBSL,27.42,"1,100.00","1,100.00","1,060.00","1,060.00","1,060.00",0,0,"1,069.39","2,121.00","1,085.00","2,268,170.00",45,-25,40,-2.3,3.77,-0.89,"1,247.94","1,273.64","1,622.80","1,060.00",
,,300,SLCF,9.61,-0.28,-2.83,9.6,10.4,9.4,"26,711.00",9.89,,300,SLCF,34.85,9.6,10.4,9.4,9.61,9.61,0,0,9.79,"26,711.00",9.89,"261,464.59",20,-0.28,1,-2.83,10.64,-1.86,9.92,9.69,11.99,8.6,
,,301,SMATA,735,4,0.55,731,740,731,"1,732.00",731,,301,SMATA,31.15,731,740,731,735,735,0,0,736.28,"1,732.00",731,"1,275,233.00",40,4,9,0.55,1.23,-0.17,777.73,786.77,"1,200.00",713.5,
,,302,SMB,"1,845.00",10,0.54,"1,860.00","1,860.00","1,836.00",176,"1,835.00",,302,SMB,29.62,"1,860.00","1,860.00","1,836.00","1,845.00","1,845.00",0,0,"1,844.03",176,"1,835.00","324,550.00",9,10,24,0.54,1.31,0.05,"1,839.15","1,896.72","2,517.00","1,699.00",
,,303,SMFBS,"1,544.00",5,0.32,"1,525.00","1,544.00","1,502.00",299,"1,539.00",,303,SMFBS,31.92,"1,525.00","1,544.00","1,502.00","1,544.00","1,544.00",0,0,"1,525.09",299,"1,539.00","456,001.00",18,5,42,0.32,2.8,1.22,"1,611.72","1,640.76","1,968.00","1,420.00",
,,304,SMH,505.5,7.5,1.51,509.9,510.9,505,"15,962.00",498,,304,SMH,36.68,509.9,510.9,505,505.5,505.5,0,0,505.74,"15,962.00",498,"8,072,548.30",83,7.5,5.9,1.51,1.17,-0.05,602.47,652.89,"1,024.80",482.6,
,,305,SMHL,492,-6.9,-1.38,507,507,491.2,"39,945.00",498.9,,305,SMHL,35.33,507,507,491.2,492,492,0,0,499.2,"39,945.00",498.9,"19,940,389.60",154,-6.9,15.8,-1.38,3.22,-1.46,495.19,558.99,"1,141.00",443,
,,306,SMJC,446.8,2.8,0.63,445,448.5,440,"11,665.00",444,,306,SMJC,24.83,445,448.5,440,446.8,446.8,0,0,442.97,"11,665.00",444,"5,167,276.90",108,2.8,8.5,0.63,1.93,0.86,469.87,480.22,653,422.1,
,,307,SMPDA,760,-2,-0.26,775,775,745,"1,063.00",762,,307,SMPDA,38.83,775,775,745,760,760,0,0,754.67,"1,063.00",762,"802,219.10",28,-2,30,-0.26,4.03,0.7,842.35,862.84,"1,155.00",730,
,,308,SNLI,424.1,-3.9,-0.91,428,430,424.1,"14,043.00",428,,308,SNLI,30.08,428,430,424.1,424.1,424.1,0,0,425.78,"14,043.00",428,"5,979,218.10",275,-3.9,5.9,-0.91,1.39,-0.4,453.72,464.8,528.3,411.6,
,,309,SNORL,944,17.9,1.93,925,989.8,921,"39,699.00",926.1,,309,SNORL,33.74,925,989.8,921,944,944,0,0,952.21,"39,699.00",926.1,"37,801,619.90",934,17.9,68.8,1.93,7.47,-0.87,0,0,"1,017.10",298.7,
,,310,SOHL,577,-6.9,-1.18,583.9,595,571.1,"77,231.00",583.9,,310,SOHL,27.66,583.9,595,571.1,577,577,0,0,580.72,"77,231.00",583.9,"44,849,291.00",990,-6.9,23.9,-1.18,4.18,-0.64,0,0,875.5,300,
,,311,SONA,405,-5,-1.22,408,416.9,401,"15,492.00",410,,311,SONA,30.13,408,416.9,401,405,405,0,0,408.29,"15,492.00",410,"6,325,222.00",256,-5,15.9,-1.22,3.97,-0.81,437.54,433.93,510,398,
,,312,SOPL,823.1,-3.9,-0.47,825,850.9,820,"28,239.00",827,,312,SOPL,21.76,825,850.9,820,823.1,823.1,0,0,833.51,"28,239.00",827,"23,537,416.90","1,118",-3.9,30.9,-0.47,3.77,-1.26,0,0,"1,217.00",276.5,
,,313,SPC,427,6,1.43,419,432,419,"4,720.00",421,,313,SPC,44.75,419,432,419,427,427,0,0,426.75,"4,720.00",421,"2,014,249.50",60,6,13,1.43,3.1,0.06,468.98,479.89,577,400,
,,314,SPDL,365,-7.1,-1.91,375,376.6,365,"94,413.00",372.1,,314,SPDL,29.61,375,376.6,365,365,365,0,0,368.66,"94,413.00",372.1,"34,805,869.70",163,-7.1,11.6,-1.91,3.18,-1,401.74,404.73,474,353.1,
,,315,SPHL,539.5,-0.1,-0.02,525,548,520,"5,739.00",539.6,,315,SPHL,40.33,525,548,520,539.5,539.5,0,0,532.08,"5,739.00",539.6,"3,053,613.30",58,-0.1,28,-0.02,5.38,1.38,552.56,550.18,713,477.1,
,,316,SPIL,700,-5.9,-0.84,715,720,699,883,705.9,,316,SPIL,21.13,715,720,699,700,700,0,0,702.91,883,705.9,"620,668.00",18,-5.9,21,-0.84,3,-0.42,713.21,712.53,859,625,
,,317,SPL,659.9,-3.5,-0.53,675,675,650,710,663.4,,317,SPL,20.91,675,675,650,659.9,659.9,0,0,652.2,710,663.4,"463,062.50",26,-3.5,25,-0.53,3.85,1.17,718.36,775.45,"1,000.00",618,
,,318,SRBLD83,"1,020.00",5,0.49,"1,011.00","1,020.00","1,010.00",210,"1,015.00",,318,SRBLD83,30.63,"1,011.00","1,020.00","1,010.00","1,020.00","1,020.00",0,0,"1,010.86",210,"1,015.00","212,280.00",6,5,10,0.49,0.99,0.9,"1,077.33","1,061.49","1,125.00","1,010.00",
,,319,SRLI,381.9,2.5,0.66,379.4,383,379.4,"10,752.00",379.4,,319,SRLI,26.68,379.4,383,379.4,381.9,381.9,0,0,381.13,"10,752.00",379.4,"4,097,936.40",172,2.5,3.6,0.66,0.95,0.2,393.07,394.96,437.7,363.9,
,,320,SSHL,205,0,0,208,208,203,"72,751.00",205,,320,SSHL,29.45,208,208,203,205,205,0,0,205.76,"72,751.00",205,"14,969,321.80",251,0,5,0,2.46,-0.37,210.82,195.66,251,151,
,,321,STC,"5,160.00",10,0.19,"5,200.00","5,200.00","5,160.00",195,"5,150.00",,321,STC,21.15,"5,200.00","5,200.00","5,160.00","5,160.00","5,160.00",0,0,"5,175.79",195,"5,150.00","1,009,280.00",8,10,40,0.19,0.78,-0.31,"5,609.87","5,542.43","6,335.90","4,832.00",
,,322,SWASTIK,"2,045.00",25,1.24,"2,052.00","2,052.00","2,026.30",580,"2,020.00",,322,SWASTIK,27.47,"2,052.00","2,052.00","2,026.30","2,045.00","2,045.00",0,0,"2,040.11",580,"2,020.00","1,183,261.00",19,25,25.7,1.24,1.27,0.24,"2,487.41",0,"3,400.00",391.7,
,,323,SWBBL,685,3.1,0.45,682,689.9,676,"7,632.00",681.9,,323,SWBBL,23.06,682,689.9,676,685,685,0,0,679.85,"7,632.00",681.9,"5,188,606.40",53,3.1,13.9,0.45,2.06,0.75,731,745.74,969,630.5,
,,324,SWMF,627,10,1.62,586.2,630,586.2,"4,624.00",617,,324,SWMF,37.07,586.2,630,586.2,627,627,0,0,624.32,"4,624.00",617,"2,886,833.40",33,10,43.8,1.62,7.47,0.43,663.08,670.94,808.4,586.2,
,,325,SYPNL,"1,342.10",-7.9,-0.59,"1,282.50","1,375.00","1,282.50","52,381.00","1,350.00",,325,SYPNL,23.1,"1,282.50","1,375.00","1,282.50","1,342.10","1,342.10",0,0,"1,355.19","52,381.00","1,350.00","70,986,141.90",507,-7.9,92.5,-0.59,7.21,-0.98,"1,612.70",0,"2,255.90",319.8,
,,326,TAMOR,449.5,0.2,0.04,449,455,449,"28,438.00",449.3,,326,TAMOR,28.53,449,455,449,449.5,449.5,0,0,451.96,"28,438.00",449.3,"12,852,742.90",178,0.2,6,0.04,1.34,-0.55,444.76,451.02,526,396.4,
,,327,TPC,360,1.5,0.42,360,369.2,358.9,"26,328.00",358.5,,327,TPC,33.59,360,369.2,358.9,360,360,0,0,362.58,"26,328.00",358.5,"9,546,129.20",88,1.5,10.3,0.42,2.87,-0.72,378.14,369.26,450,270.1,
,,328,TPKHL,550,1.1,0.2,542,561,542,"31,896.00",548.9,,328,TPKHL,32.2,542,561,542,550,550,0,0,549.85,"31,896.00",548.9,"17,537,901.50","1,484",1.1,19,0.2,3.51,0.03,0,0,772.5,300,
,,329,TRH,786,4,0.51,772.1,790,772,"1,446.00",782,,329,TRH,42.84,772.1,790,772,786,786,0,0,774.77,"1,446.00",782,"1,120,314.20",16,4,18,0.51,2.33,1.43,765.04,748.74,"1,000.00",681.1,
,,330,TSHL,385.1,11.1,2.97,380,393,380,"9,387.00",374,,330,TSHL,32.97,380,393,380,385.1,385.1,0,0,388.44,"9,387.00",374,"3,646,304.30",132,11.1,13,2.97,3.42,-0.87,603.78,645.48,989,308.1,
,,331,TTL,730,0,0,730,744,725,"14,520.00",730,,331,TTL,28.72,730,744,725,730,730,0,0,734.26,"14,520.00",730,"10,661,517.90",266,0,19,0,2.62,-0.58,830.48,820.69,"1,262.80",670,
,,332,TVCL,480.7,-8.3,-1.7,481.1,489,480.5,"1,410.00",489,,332,TVCL,25.54,481.1,489,480.5,480.7,480.7,0,0,481.14,"1,410.00",489,"678,409.00",19,-8.3,8.5,-1.7,1.77,-0.09,546.26,503.61,689,377.6,
,,333,UAIL,445,-0.3,-0.07,447,453,442.2,"8,733.00",445.3,,333,UAIL,25.3,447,453,442.2,445,445,0,0,446.89,"8,733.00",445.3,"3,902,694.90",74,-0.3,10.8,-0.07,2.44,-0.42,459.65,459.01,591,421,
,,334,UHEWA,570.1,-2,-0.35,600,600,569,"7,581.00",572.1,,334,UHEWA,21.43,600,600,569,570.1,570.1,0,0,572.56,"7,581.00",572.1,"4,340,586.20",96,-2,31,-0.35,5.45,-0.43,586.91,585.5,692.6,521,
,,335,ULBSL,"2,774.00",-1,-0.04,"2,721.00","2,790.00","2,720.00",337,"2,775.00",,335,ULBSL,32.64,"2,721.00","2,790.00","2,720.00","2,774.00","2,774.00",0,0,"2,743.90",337,"2,775.00","924,695.00",22,-1,70,-0.04,2.57,1.09,"3,038.28","3,239.04","4,325.00","2,700.00",
,,336,ULHC,369.1,7.1,1.96,350,375,350,"18,495.00",362,,336,ULHC,46.3,350,375,350,369.1,369.1,0,0,369.75,"18,495.00",362,"6,838,526.50",190,7.1,25,1.96,7.14,-0.18,478.53,472,599,337,
,,337,UMHL,577.6,-3.4,-0.59,570,585,570,"39,762.00",581,,337,UMHL,25.27,570,585,570,577.6,577.6,0,0,571.54,"39,762.00",581,"22,725,562.60",153,-3.4,15,-0.59,2.63,1.05,598.93,588.71,706,495,
,,338,UMRH,537,-0.2,-0.04,548.8,548.8,536,"1,429.00",537.2,,338,UMRH,26.63,548.8,548.8,536,537,537,0,0,537.41,"1,429.00",537.2,"767,963.90",23,-0.2,12.8,-0.04,2.39,-0.08,544.45,549.69,666.5,512,
,,339,UNHPL,384.8,2.7,0.71,389,389,380.1,"8,276.00",382.1,,339,UNHPL,23.02,389,389,380.1,384.8,384.8,0,0,383.41,"8,276.00",382.1,"3,173,106.90",48,2.7,8.9,0.71,2.34,0.36,459.15,470.71,571,370,
,,340,UNLB,"1,250.30",-8.7,-0.69,"1,243.00","1,258.00","1,243.00",568,"1,259.00",,340,UNLB,34.65,"1,243.00","1,258.00","1,243.00","1,250.30","1,250.30",0,0,"1,251.84",568,"1,259.00","711,046.90",17,-8.7,15,-0.69,1.21,-0.12,"1,536.83","1,673.08","2,480.00","1,213.00",
,,341,UPCL,365,3,0.83,357,365,353.1,"50,598.00",362,,341,UPCL,43.55,357,365,353.1,365,365,0,0,360.41,"50,598.00",362,"18,236,267.10",178,3,11.9,0.83,3.37,1.26,374.05,372.67,430.4,326.9,
,,342,UPPER,195.1,-0.4,-0.2,199,200,195,"52,674.00",195.5,,342,UPPER,24.81,199,200,195,195.1,195.1,0,0,195.91,"52,674.00",195.5,"10,319,337.60",322,-0.4,5,-0.2,2.56,-0.41,202.61,194.31,242.6,166,
,,343,USHEC,498,6,1.22,492.1,501,492,"12,218.00",492,,343,USHEC,39.1,492.1,501,492,498,498,0,0,498.31,"12,218.00",492,"6,088,341.10",90,6,9,1.22,1.83,-0.06,494.46,486.52,539.1,432,
,,344,USHL,544,-0.3,-0.06,571.5,571.5,530.9,946,544.3,,344,USHL,30.46,571.5,571.5,530.9,544,544,0,0,538.29,946,544.3,"509,219.70",49,-0.3,40.6,-0.06,7.65,1.05,643.84,689.84,945,468.1,
,,345,USLB,"1,159.90",24.9,2.19,"1,135.00","1,160.00","1,135.00","1,423.00","1,135.00",,345,USLB,38.33,"1,135.00","1,160.00","1,135.00","1,159.90","1,159.90",0,0,"1,140.29","1,423.00","1,135.00","1,622,626.00",23,24.9,25,2.19,2.2,1.69,"1,323.94","1,436.29","2,750.00","1,105.80",
,,346,VLBS,670.3,0.3,0.04,670,679,667.4,"1,400.00",670,,346,VLBS,26.13,670,679,667.4,670.3,670.3,0,0,670.96,"1,400.00",670,"939,337.30",74,0.3,11.6,0.04,1.74,-0.1,728.58,744.7,938,640,
,,347,VLUCL,429,0,0,440,440,422.3,"2,760.00",429,,347,VLUCL,27.3,440,440,422.3,429,429,0,0,424.43,"2,760.00",429,"1,171,414.00",49,0,17.7,0,4.19,1.07,509.4,529.9,652,412,
,,348,WNLB,"1,355.00",10,0.74,"1,350.00","1,355.00","1,346.00",337,"1,345.00",,348,WNLB,33.87,"1,350.00","1,355.00","1,346.00","1,355.00","1,355.00",0,0,"1,351.35",337,"1,345.00","455,406.00",7,10,9,0.74,0.67,0.27,"1,463.48","1,590.60","2,561.00","1,242.10",
,,349,YMHL,636.1,-7.9,-1.23,644,655,630,"31,529.00",644,,349,YMHL,39.33,644,655,630,636.1,636.1,0,0,641.66,"31,529.00",644,"20,231,016.10","1,059",-7.9,25,-1.23,3.97,-0.87,0,0,797.6,300,