Id,Business Date,Security Id,Symbol,Security Name,Open Price,High Price,Low Price,Close Price,Total Traded Quantity,Total Traded Value,Previous Day Close Price,Fifty Two Week High,Fifty Two Week Low,Last Updated Time,Last Updated Price,Total Trades,Average Traded Price,Market Capitalization
1,2026-09-30,131,NABIL,Nabil Bank Limited,538,538.9,529,530.7,96214,51134700.8,539.05,581,485,2026-09-30T14:59:59.522886,530.7,983,531.46,150771.06
2,2026-09-30,132,NIMB,Nepal Investment Mega Bank Limited,182.1,196.1,182.1,191,55008,10526763.8,191.6,232.5,181,2026-09-30T14:58:33.652363,191,193,191.36,65185.62
3,2026-09-30,133,SCB,Standard Chartered Bank Limited,628,664.9,628,659,8041,5282157,661,712.6,603,2026-09-30T14:57:45.183532,659,85,656.9,66179.21
4,2026-09-30,134,HBL,Himalayan Bank Limited,190,195.6,190,193.1,27740,5356992.5,193.9,237,183,2026-09-30T14:59:44.652066,193.1,410,193.11,43605.19
5,2026-09-30,135,SBI,Nepal SBI Bank Limited,400.2,401,398,400,11707,4670425.9,402.7,441,368,2026-09-30T14:59:55.533623,400,70,398.94,45340.5
6,2026-09-30,137,EBL,Everest Bank Limited,696.1,698.9,695.1,696,26448,18409348.8,696.1,760.2,619,2026-09-30T14:59:52.026658,696,111,696.05,100275.82
7,2026-09-30,139,NICA,NIC Asia Bank Ltd.,313,314.9,309.3,312,46858,14596416.2,314,411,302.9,2026-09-30T14:59:47.42797,312,163,311.5,46542.81
8,2026-09-30,140,MBL,Machhapuchhre Bank Limited,251.9,251.9,247.5,247.8,76368,18963282.8,250,284,205,2026-09-30T14:59:45.362131,247.8,139,248.31,30848.12
9,2026-09-30,141,LSL,Laxmi Sunrise Bank Limited,252,253.5,250.4,253.5,463181,116630247.6,252.2,254.7,203,2026-09-30T14:59:45.754816,253.5,467,251.8,67890.25
10,2026-09-30,142,KBL,Kumari Bank Limited,230,230,222,223.9,204277,45530056.9,224,256,176,2026-09-30T14:59:58.38395,223.9,347,222.88,58719.7
11,2026-09-30,145,SBL,Siddhartha Bank Limited,458,459,455.1,455.4,325748,148763916.7,457.4,460,320.5,2026-09-30T14:59:59.661311,455.4,707,456.68,67374.06
12,2026-09-30,147,SHL,Soaltee Hotel Limited,510.2,515,509,509.1,19199,9798710.3,513.4,559.8,464,2026-09-30T14:59:04.787536,509.1,92,510.37,59827.02
13,2026-09-30,148,TRH,Taragaon Regency Hotel Limited,829,829,805,812.5,8274,6708301.7,807.9,853.9,681.1,2026-09-30T14:59:22.838126,812.5,30,810.76,15942.23
14,2026-09-30,149,OHL,Oriental Hotels Limited,621.1,628.1,621.1,625,555,347655,621.1,785,590,2026-09-30T14:59:20.406659,625,12,626.4,7403.09
15,2026-09-30,152,NHPC,National Hydro Power Company Limited,262,265,260,260,91812,24076946.8,262,340,179.7,2026-09-30T14:59:59.873965,260,299,262.24,6412.74
16,2026-09-30,153,BPCL,Butwal Power Company Limited,660,665,656.4,659.9,19220,12698207.6,660,819,612,2026-09-30T14:59:49.733528,659.9,64,660.67,22496.42
17,2026-09-30,154,CHCL,Chilime Hydropower Company Limited,350,350,345,348.8,65175,22576296,349,525,336.8,2026-09-30T14:59:58.749258,348.8,297,346.39,33083.64
18,2026-09-30,155,STC,Salt Trading Corporation,5630,5650,5550,5625,648,3642281.5,5599.9,6335.9,4997.1,2026-09-30T14:31:55.961048,5625,14,5620.8,19754.16
19,2026-09-30,156,BBC,Bishal Bazar Company Limited,4100,4100,4000,4063,160,650290,4012,5600,3825,2026-09-30T14:57:37.650518,4063,12,4064.31,162926.3
20,2026-09-30,163,NUBL,Nirdhan Utthan Laghubitta Bittiya Sanstha Limited,599.9,599.9,584.2,597,3554,2099739.2,587.8,802,555.1,2026-09-30T14:56:53.4839,597,34,590.81,16373.82
21,2026-09-30,164,CBBL,Chhimek Laghubitta Bittiya Sanstha Limited,945,952.9,945,947,9167,8701204.7,945,1054.9,882,2026-09-30T14:59:34.522166,947,98,949.18,34255.49
22,2026-09-30,166,DDBL,Deprosc Laghubitta Bittiya Sanstha Limited,848,850,843,846.9,6710,5668557.6,848,927,793,2026-09-30T14:54:27.010958,846.9,63,844.79,17404.76
23,2026-09-30,171,SANIMA,Sanima Bank Limited,363,366,362.1,363.5,57486,20902931.2,363.4,390.6,295,2026-09-30T14:59:06.708226,363.5,190,363.61,49368.85
24,2026-09-30,172,NABBC,Narayani Development Bank Limited,741,742,715,727.9,11548,8350890.7,741,1835,662,2026-09-30T14:59:58.386438,727.9,79,723.14,3821
25,2026-09-30,176,NICL,Nepal Insurance Co. Ltd.,448,448,440,445,4222,1864007.2,449.9,575,408,2026-09-30T14:59:35.870128,445,23,441.49,11341.16
26,2026-09-30,177,RBCL,Rastriya Beema Company Limited,13999.4,14025,13733.4,14000,207,2891365.8,13996,16261,13106,2026-09-30T14:58:21.201184,14000,18,13967.95,37329.11
27,2026-09-30,178,NLICL,National Life Insurance Co. Ltd.,562,575.4,560,568,18619,10438785.5,566,644,538.4,2026-09-30T14:59:57.742113,568,63,560.65,32328.57
28,2026-09-30,179,HEI,Himalayan Everest Insurance Limited,460,460,448.5,454.8,13148,5937105,460,596,418,2026-09-30T14:59:48.011213,454.8,60,451.55,11370.72
29,2026-09-30,180,UAIL,United Ajod Insurance Limited,361.1,367,361.1,366.3,20896,7608963.2,363,519.1,354.1,2026-09-30T14:59:58.598699,366.3,131,364.13,9670.32
30,2026-09-30,182,SPIL,Siddhartha Premier Insurance Limited,603,620.8,603,609,2618,1587213.3,610,770.7,560.1,2026-09-30T14:53:57.218808,609,34,606.26,17091.89
31,2026-09-30,183,NIL,Neco Insurance Limited,529,529.9,521.5,528.6,1920,1004222.6,524.9,685,502.8,2026-09-30T14:59:53.800196,528.6,35,523.03,14654.26
32,2026-09-30,184,PRIN,Prabhu Insurance Ltd.,595,595,586,590,3864,2281844,594,794.9,564.4,2026-09-30T14:59:51.14129,590,33,590.53,10908.74
33,2026-09-30,185,SALICO,Sagarmatha Lumbini Insurance Co. Limited,530,535,530,530,1882,1000040.1,532,695,512,2026-09-30T14:57:02.807937,530,24,531.37,13899.98
34,2026-09-30,186,IGI,IGI Prudential insurance Limited,388,388,383,387.9,727,280046.2,387,501,355.1,2026-09-30T14:59:28.969151,387.9,7,385.2,11750.79
35,2026-09-30,187,NLIC,Nepal Life Insurance Co. Ltd.,734,745,725,727.8,14114,10328800.6,735,872,680.5,2026-09-30T14:59:56.963754,727.8,157,731.81,68996.91
36,2026-09-30,188,LICN,Life Insurance Corporation (Nepal) Limited,789.1,789.1,777,783,20077,15664883.8,789,969,741.5,2026-09-30T14:59:57.584287,783,96,780.24,43065
37,2026-09-30,192,SICL,Shikhar Insurance Co. Ltd.,548,560,541,541,4150,2267688.1,544,690,508,2026-09-30T14:59:28.67569,541,41,546.43,16779.48
38,2026-09-30,194,NFS,Nepal Finance Ltd.,480,494,477,480,2931,1416773,482.2,725,465,2026-09-30T14:59:56.595525,480,44,483.37,4026.93
39,2026-09-30,198,NLO,Nepal Lube Oil Limited,279.4,279.4,279.4,279.4,60,16764,271.3,277.4,241.22,2026-09-30T11:26:59.367029,279.4,2,279.4,281.33
40,2026-09-30,204,GUFL,Gurkhas Finance Ltd.,495,503,490,496.1,4850,2400547.2,496,644,460.6,2026-09-30T14:58:18.622632,496.1,25,494.95,4306.12
41,2026-09-30,210,CIT,Citizen Investment Trust,1791,1791,1738.1,1739.9,3538,6157953,1737.6,1973,1621.1,2026-09-30T14:59:58.601244,1739.9,68,1740.51,118414.08
42,2026-09-30,213,BNT,Bottlers Nepal (Terai) Limited,11900,11900,11900,11900,10,119000,11900,12940,10660,2026-09-30T13:20:23.89902,11900,1,11900,14399
43,2026-09-30,219,UNL,Unilever Nepal Limited,48800,49200,48800,49200,80,3920880,48000,49200,45200,2026-09-30T14:51:48.122654,49200,8,49011,45298.44
44,2026-09-30,227,BFC,Best Finance Company Ltd.,446.2,447.8,442,443,10458,4645618.2,446,562,418,2026-09-30T14:59:37.682544,443,58,444.21,3944.58
45,2026-09-30,232,GFCL,Goodwill Finance Limited,561.7,569,560,563.1,3752,2111348.4,565,738,550,2026-09-30T14:59:21.547778,563.1,30,562.72,5327.57
46,2026-09-30,235,HDL,Himalayan Distillery Limited,1261,1296,1261,1292,106521,137233180.2,1297,1415.7,1097.6,2026-09-30T14:59:59.827605,1292,951,1288.32,47650.02
47,2026-09-30,236,PFL,Pokhara Finance Ltd.,337,343,335,336.5,12999,4386792.6,341.9,443,339.6,2026-09-30T14:59:39.941937,336.5,107,337.47,6398.44
48,2026-09-30,238,NMB,NMB Bank Limited,252.2,257,252,254.3,63153,16108463.9,257,272,230,2026-09-30T14:59:58.938057,254.3,167,255.07,49041.86
49,2026-09-30,244,SIFC,Shree Investment Finance Co. Ltd.,455.9,480,455.9,479,14333,6862542.8,479.8,687.4,450,2026-09-30T14:35:24.7527,479,19,478.79,4790
50,2026-09-30,245,CFCL,Central Finance Co. Ltd.,561,581.9,552,572,70213,39899983.8,567,699,455,2026-09-30T14:59:59.532867,572,184,568.27,5427.57
51,2026-09-30,250,JFL,Janaki Finance Company Limited,270,278,270,276,4515,1244350.6,277,492,250.1,2026-09-30T14:59:13.511341,276,48,275.6,1905.7
52,2026-09-30,255,PRVU,Prabhu  Bank Limited,185,188,184.8,185.3,63255,11729653.3,185.1,235.6,169.7,2026-09-30T14:59:26.229002,185.3,212,185.43,43624.23
53,2026-09-30,263,GMFIL,Guheshowori Merchant Bank & Finance Co. Ltd.,406,421,406,416,1770,735605,416.8,540,393.1,2026-09-30T14:59:57.988821,416,19,415.59,4210.65
54,2026-09-30,268,SWBBL,Swabalamban Laghubitta Bittiya Sanstha Limited,695.1,708,695.1,700,4944,3475012.9,699,848,630.5,2026-09-30T14:59:38.94576,700,43,702.87,12250
55,2026-09-30,273,ICFC,ICFC Finance Limited,590.1,594,590.1,591.1,4727,2790686.5,589.9,715,567.6,2026-09-30T14:59:56.002935,591.1,22,590.37,6995.5
56,2026-09-30,274,EDBL,Excel Development Bank Ltd.,573,574.9,566.4,574.9,1031,588288.8,573,683.4,535.9,2026-09-30T14:58:22.779421,574.9,12,570.6,7184.49
57,2026-09-30,307,NTC,Nepal Doorsanchar Company Limited,920,920,906.3,910,11066,10097883.4,915,942.5,831,2026-09-30T14:59:33.088096,910,125,912.51,163800
58,2026-09-30,309,NICAP,NIC Asia Bank Limted Promoter Share,179,179,179,179,30,5370,179,193,179,2026-09-30T13:51:00.057692,179,1,179,921.49
59,2026-09-30,338,PROFL,Progressive Finance Limited,392,392,382,385,4107,1575565.8,389,522,360.1,2026-09-30T14:59:59.526088,385,24,383.62,3265.21
60,2026-09-30,341,GBIME,Global IME Bank Limited,230.1,245,230.1,243.5,156168,37968741.8,242.2,270.6,218.9,2026-09-30T14:59:49.90791,243.5,340,243.12,96524.59
61,2026-09-30,348,CZBIL,Citizens Bank International Limited,212,214.8,212,212.8,66284,14113037.5,214.7,238.6,183,2026-09-30T14:59:15.680569,212.8,203,212.91,32999.88
62,2026-09-30,357,PCBL,Prime Commercial Bank Ltd.,261.5,261.5,257,258.2,86554,22415048.3,260,275.9,225,2026-09-30T14:59:44.842874,258.2,150,258.97,54105.25
63,2026-09-30,358,LBBL,Lumbini Bikas Bank Ltd.,475,479.9,472,474,23437,11106904.9,476.7,555,433,2026-09-30T14:59:48.853881,474,104,473.9,17176.23
64,2026-09-30,360,AHPC,Arun Valley Hydropower Development Co. Ltd.,253.4,256,252.3,253.9,84337,21404741.7,253.5,323.3,245.8,2026-09-30T14:59:40.963549,253.9,237,253.8,10771.51
65,2026-09-30,371,MDB,Miteri Development Bank Limited,574.6,574.6,556,559,9385,5230116.8,563,705.8,530.5,2026-09-30T14:59:57.087821,559,76,557.28,6803.59
66,2026-09-30,385,ALICL,Asian Life Insurance Co. Limited,426,426,420,424.6,8222,3472991.6,426,505,381.4,2026-09-30T14:59:59.550926,424.6,78,422.4,22296.67
67,2026-09-30,393,HLI,Himalayan Life Insurance Limited,300.9,305,300.9,302,14389,4365252.1,305,412.9,284.3,2026-09-30T14:58:52.625768,302,204,303.37,27612.58
68,2026-09-30,396,NMLBBL,Nerude Mirmire Laghubitta Bittiya Sanstha Limited,481.6,495,481.6,495,2632,1294689.8,492,697.6,468.4,2026-09-30T14:59:53.809688,495,33,491.9,6918.93
69,2026-09-30,397,ADBL,Agricultural Development Bank Limited,307.5,308.9,305.2,307.5,83834,25731624.7,307.5,340,285.2,2026-09-30T14:58:54.985476,307.5,107,306.93,43989.47
70,2026-09-30,401,MLBL,Mahalaxmi Bikas Bank Ltd.,359,360,353.5,356.7,10801,3845644.1,357,418,330.7,2026-09-30T14:59:48.983321,356.7,60,356.04,16091.74
71,2026-09-30,403,SJLIC,SuryaJyoti Life Insurance Company Limited,414,418.5,412.2,418.4,9640,3997213,416.9,489.9,386,2026-09-30T14:59:58.289768,418.4,92,414.64,20969.99
72,2026-09-30,417,GBBL,Garima Bikas Bank Limited,414,415,405,406.6,121599,49644932,414.55,460,367.4,2026-09-30T14:59:59.091475,406.6,535,408.26,26931.08
73,2026-09-30,418,JBBL,Jyoti Bikas Bank Limited,345,352,345,345.5,11533,3999374,348,395,295,2026-09-30T14:58:23.496983,345.5,62,346.77,15187.44
74,2026-09-30,449,SBLPO,Siddhartha Bank Limited Promoter Share,250,250,250,250,38906,9726500,250,250,169,2026-09-30T13:52:25.826046,250,1,250,750
75,2026-09-30,450,CORBL,Corporate Development Bank Limited,760,766,737,737.9,17966,13427304.8,759.7,3183,750.1,2026-09-30T14:59:59.206821,737.9,317,747.37,3873.97
76,2026-09-30,459,KSBBL,Kamana Sewa Bikas Bank Limited,450,450,445.3,449.6,17940,8008748.3,450.9,534,404.1,2026-09-30T14:59:58.471787,449.6,58,446.41,17363.24
77,2026-09-30,469,NIMBPO,Nepal Investment Mega Bank Ltd. Promoter Share,144,144,143,143,1200,171686,140.1,174.9,134.1,2026-09-30T14:00:33.994887,143,3,143.07,26179.78
78,2026-09-30,471,MPFL,Multipurpose Finance Company  Limited,574.1,586.3,570,584.1,9061,5242097.6,581.4,744,491,2026-09-30T14:59:58.555302,584.1,38,578.53,3564.18
79,2026-09-30,472,SADBL,Shangrila Development Bank Ltd.,392,400,391,391.7,29318,11492269.2,395,463,376,2026-09-30T14:59:54.785731,391.7,54,391.98,15211.4
80,2026-09-30,473,SHINE,Shine Resunga Development Bank Ltd.,398,401,395,396.9,29660,11742479.5,398,449.7,384,2026-09-30T14:58:07.013351,396.9,142,395.9,21128.14
81,2026-09-30,474,MNBBL,Muktinath Bikas Bank Ltd.,334,338,330,330,25794,8577232,332.5,467,314.2,2026-09-30T14:57:37.883233,330,179,332.52,26401.28
82,2026-09-30,490,FMDBL,First Micro Finance Laghubitta Bittiya Sanstha Limited,760,766,730.1,743.9,5447,4001395.1,745,982,689.8,2026-09-30T14:59:59.648671,743.9,73,734.6,10004.5
83,2026-09-30,516,MFIL,Manjushree Finance Ltd.,771,771,745,748.9,17391,13016212.3,754.6,938,545,2026-09-30T14:59:58.445635,748.9,91,748.44,10121.78
84,2026-09-30,517,NBL,Nepal Bank Limited,295,295,291.6,294.7,157573,46281655.5,295,302.9,235,2026-09-30T14:59:43.343625,294.7,282,293.71,43303.29
85,2026-09-30,545,SLBBL,Swarojgar Laghubitta Bittiya Sanstha Ltd.,813,820,810,816,2599,2119519.4,813,960.6,761.9,2026-09-30T14:59:58.139225,816,35,815.51,7308.37
86,2026-09-30,559,NLG,NLG Insurance Company Ltd.,518,518,503.2,505,4814,2442532.8,503,770,477.1,2026-09-30T14:59:57.493675,505,23,507.38,13472.56
87,2026-09-30,561,SINDU,Sindhu Bikash Bank Ltd,369.6,445,369.6,444.9,33410,13430222,389,919.9,329.8,2026-09-30T14:59:59.860805,444.9,191,401.98,2480.12
88,2026-09-30,574,SKBBL,Sana Kisan Bikas Laghubitta Bittiya Sanstha Limited,770,770,761,766,6318,4830474.5,761,910,735,2026-09-30T14:59:47.405963,766,54,764.55,37742.12
89,2026-09-30,583,GBLBS,Grameen Bikas Laghubitta Bittiya Sanstha Ltd.,662.1,674.5,660.1,665,1351,897042.2,677,868,610,2026-09-30T14:52:31.926501,665,26,663.98,6685.58
90,2026-09-30,587,RLFL,Reliance Finance Ltd.,396.8,429.9,396.8,416,7302,3029406.6,417.6,514.9,398,2026-09-30T14:59:57.012437,416,43,414.87,4665.24
91,2026-09-30,591,SHPC,Sanima Mai Hydropower Ltd.,520,531,507,529.6,254452,133202522.5,530.9,588,475,2026-09-30T14:59:59.670233,529.6,258,523.48,19796.42
92,2026-09-30,593,KMCDB,Kalika Laghubitta Bittiya Sanstha Ltd,835,835,776,811.9,3733,2943155.8,814.9,1189.3,735,2026-09-30T14:54:01.016706,811.9,49,788.41,3641.06
93,2026-09-30,601,MLBBL,Mithila LaghuBitta Bittiya Sanstha Limited,978,978,940,962,793,754452,963,1661,894,2026-09-30T14:57:28.117281,962,16,951.38,2461.22
94,2026-09-30,610,RIDI,Ridi Power Company Limited,341.1,346.6,336,339,289391,98405991.6,340.5,415,214,2026-09-30T14:59:59.772084,339,570,340.04,7876.16
95,2026-09-30,618,LLBS,Laxmi Laghubitta Bittiya Sanstha Ltd.,844,844,803,827,1026,840369.6,827,1081.9,771.4,2026-09-30T14:59:56.070588,827,23,819.07,3652.55
96,2026-09-30,686,BARUN,Barun Hydropower Co. Ltd.,326,329.7,325,327,24334,7938323.2,326,401.5,298,2026-09-30T14:59:59.247979,327,88,326.22,3670.68
97,2026-09-30,687,VLBS,Vijaya laghubitta Bittiya Sanstha Ltd.,611.1,620,611.1,613,1871,1149065.3,611,876,591.7,2026-09-30T14:59:26.312657,613,55,614.14,4853.26
98,2026-09-30,693,HLBSL,Himalayan Laghubitta Bittiya Sanstha Limited,887,887,865.2,875,245,213699,870,1005,830,2026-09-30T14:09:46.36498,875,11,872.24,2984.5
99,2026-09-30,694,MATRI,Matribhumi Lagubitta Bittiya Sanstha Limited,715,726,715,726,426,307940.2,713,1048.5,705.6,2026-09-30T14:59:30.067663,726,15,722.86,4561.87
100,2026-09-30,695,JSLBB,Janautthan Samudayic Laghubitta Bittya Sanstha Limited,975,975,945.8,945.8,149,141358,952,1308,905.2,2026-09-30T14:21:32.772231,945.8,6,948.71,1608.73
101,2026-09-30,697,API,Api Power Company Ltd.,335,336.5,333.4,335,202391,67784053.6,334,370,269,2026-09-30T14:59:31.586221,335,454,334.91,21372.08
102,2026-09-30,700,HEIP,Himalayan Everest Insurance Limited Promoter,317.2,317.2,317.2,317.2,500,158600,308,378,288,2026-09-30T13:10:59.652662,317.2,1,317.2,848.52
103,2026-09-30,704,NMBMF,NMB  Microfinance Bittiya Sanstha Ltd.,609.9,609.9,587.3,594,1192,703628.2,599.9,750,570,2026-09-30T14:59:55.099824,594,22,590.29,4285.41
104,2026-09-30,705,GILB,Global IME Laghubitta Bittiya Sanstha Ltd.,1100,1128,1099.1,1109,1704,1875987.8,1101.2,1350,1020.1,2026-09-30T14:59:16.287351,1109,32,1100.93,7189.62
105,2026-09-30,706,SWMF,Suryodaya Womi Laghubitta Bittiya Sanstha Limited,600,608.9,600,602,2989,1801411.3,602.9,754,571.1,2026-09-30T14:59:50.858345,602,25,602.68,6659.84
106,2026-09-30,730,MFILPO,Manjushree Finance Ltd. Promoter Share,365,365,335,335,539733,187207365,376,422,339,2026-09-30T14:59:23.253378,335,10,346.85,839.68
107,2026-09-30,1741,MERO,Mero Microfinance Bittiya Sanstha Ltd.,599,607.4,590,599.9,5597,3331552.3,599,860,584.9,2026-09-30T14:59:55.872106,599.9,49,595.23,8916.93
108,2026-09-30,2742,HIDCL,Hydorelectricity Investment and Development Company Ltd,251.5,254.9,249.2,252,26388,6607069,251.5,307,232.6,2026-09-30T14:59:37.090762,252,179,250.38,62819.09
109,2026-09-30,2743,NGPL,Ngadi Group Power Ltd.,401,402,395.6,396.1,78402,31298924,400,502,343,2026-09-30T14:59:52.28934,396.1,221,399.21,15362.46
110,2026-09-30,2744,GRDBL,Green Development Bank Ltd.,918,939.9,918,935,10725,9959894.1,926,1320,911,2026-09-30T14:59:59.624612,935,68,928.66,5754.93
111,2026-09-30,2746,NMFBS,National Laghubitta Bittiya Sanstha Limited,1195,1195,1180.2,1181.2,4737,5626138.7,1196,1370,1051.9,2026-09-30T14:59:16.302864,1181.2,32,1187.7,17970.34
112,2026-09-30,2748,RSDC,RSDC Laghubitta Bittiya Sanstha Ltd.,625,633,615,615,2963,1825694.9,615,763,578.7,2026-09-30T14:57:06.941346,615,43,616.16,6359.5
113,2026-09-30,2751,KKHC,Khanikhola Hydropower Co. Ltd.,268.4,276.9,268.4,270.2,205795,56052747.1,270.2,362,208,2026-09-30T14:59:43.881531,270.2,392,272.37,2516.72
114,2026-09-30,2754,DHPL,Dibyashwori Hydropower Ltd.,275,279.1,263.2,266.4,1143,310825.2,271,345,254,2026-09-30T14:59:57.66437,266.4,21,271.93,703.3
115,2026-09-30,2757,AKPL,Arun Kabeli Power Ltd.,249.2,252,249,250.7,44233,11069062.7,252,317,231.1,2026-09-30T14:59:57.878511,250.7,124,250.24,9767.13
116,2026-09-30,2758,FOWAD,Forward Microfinance Laghubitta Bittiya Sanstha Limited,893,899,870.1,870.1,2718,2380481.7,893,1364,834.2,2026-09-30T14:59:28.919187,870.1,53,875.82,10405.99
117,2026-09-30,2759,SPDL,Synergy Power Development Ltd.,347,350,342,345,22965,7924575,347,474,326,2026-09-30T14:59:27.138444,345,141,345.07,4591.43
118,2026-09-30,2760,UMHL,United Modi Hydropower Ltd.,550.1,554,548,550.5,22064,12134649.4,550.1,706,495,2026-09-30T14:59:57.70413,550.5,103,549.97,7248.08
119,2026-09-30,2761,SMATA,Samata Gharelu Laghubitta Bittiya Sanstha Limited,688,688,680.7,683,204,139310,688,955,665.1,2026-09-30T14:54:20.498556,683,14,682.89,4511.24
120,2026-09-30,2766,CHL,Chhyangdi Hydropower Ltd.,263,265.7,256,262,19104,4995644.9,256,332.5,223.4,2026-09-30T14:59:49.847642,262,65,261.49,2027.76
121,2026-09-30,2767,HPPL,Himalayan Power Partner Ltd.,377,382.9,377,378,33149,12588361.3,379.8,605,340.1,2026-09-30T14:59:52.987993,378,135,379.75,6040.91
122,2026-09-30,2768,MSLB,Mahuli Laghubitta Bittiya Sanstha Limited,1163.1,1200,1163,1200,470,551312,1190,1634,1089.9,2026-09-30T14:32:38.275785,1200,14,1173,4649.94
123,2026-09-30,2769,NHDL,Nepal Hydro Developers Ltd.,642.9,643,635,643,2486,1591797,643,796,606.2,2026-09-30T14:00:19.640802,643,15,640.3,2720.75
124,2026-09-30,2770,SEF,Siddhartha Equity Fund,9.55,9.82,9.55,9.75,35101,341894.73,9.6,11.53,8.6,2026-09-30T14:59:09.997226,9.75,10,9.74,1462.5
125,2026-09-30,2771,SMB,Support Microfinance Bittiya Sanstha Ltd.,1850,1850.1,1826.1,1831,1500,2757222.4,1830,2310.3,1699,2026-09-30T14:47:49.214454,1831,15,1838.14,2454.92
126,2026-09-30,2774,USLB,Unnati Sahakarya Laghubitta Bittiya Sanstha Limited,1153,1200,1116,1150,3121,3565534.9,1165,2412,941,2026-09-30T14:59:57.435433,1150,66,1142.43,2838.96
127,2026-09-30,2776,RADHI,Radhi Bidyut Company Ltd,724,724.8,712.2,720,18615,13322933.5,722,940,618.8,2026-09-30T14:59:58.331223,720,83,715.7,13240.65
128,2026-09-30,2784,NADEP,Nadep Laghubittiya bittya Sanstha Ltd.,660,667,652,666.2,239,158438.3,679,871,652,2026-09-30T14:50:49.82975,666.2,18,662.92,3236.13
129,2026-09-30,2786,PMHPL,Panchakanya Mai Hydropower Ltd,300,305,297.1,302,9053,2702197.3,301.7,428,287,2026-09-30T14:59:56.817373,302,51,298.48,3322
130,2026-09-30,2787,KPCL,Kalika power Company Ltd,460,463.9,450,457,33239,15076107.3,464,657,440.6,2026-09-30T14:59:32.74702,457,184,453.56,4566.92
131,2026-09-30,2788,AKJCL,Ankhu Khola Jalvidhyut Company Ltd,354,354,349,350,136582,47944651.8,350.7,461.4,179,2026-09-30T14:59:58.314512,350,289,351.03,7000
132,2026-09-30,2789,JOSHI,Joshi Hydropower Development Company Ltd,262.1,264.8,258,261,3843,1001930.2,260,388.6,245,2026-09-30T14:58:46.780254,261,48,260.71,1599.43
133,2026-09-30,2790,ACLBSL,Aarambha Chautari Laghubitta Bittiya Sanstha Limited,866.1,880,866.1,870,673,585967.6,869.1,1095,827.9,2026-09-30T14:58:29.278965,870,17,870.67,3194.15
134,2026-09-30,2792,UPPER,Upper Tamakoshi Hydropower Ltd,190.1,191.7,188.8,189.1,69049,13117779.1,190,242.6,170.5,2026-09-30T14:59:45.677263,189.1,324,189.97,40051.38
135,2026-09-30,2804,SLBSL,Samudayik Laghubitta Bittiya Sanstha Limited,872.1,900,850,895,2575,2211822.9,899,1508.1,840,2026-09-30T14:56:58.488679,895,45,858.96,1528.7
136,2026-09-30,2806,GHL,Ghalemdi Hydro Limited,248,280,248,271.5,1482606,394886774.9,253,290,197.1,2026-09-30T14:59:59.685715,271.5,2587,266.34,4479.75
137,2026-09-30,2807,ALBSL,Asha Laghubitta Bittiya Sanstha Ltd,1170,1199,1170,1189,16883,20020866.6,1189,1334,930,2026-09-30T14:59:57.988563,1189,140,1185.85,9543.93
138,2026-09-30,2809,SHIVM,SHIVAM CEMENTS LTD,691,691,683,684.5,222436,152829204.5,690.1,737.1,546.6,2026-09-30T14:59:58.954621,684.5,625,687.07,38285.65
139,2026-09-30,2810,UPCL,UNIVERSAL POWER COMPANY LTD,333,334,331,331.8,34568,11501061.2,332.1,430.4,318.4,2026-09-30T14:59:57.631115,331.8,128,332.7,8245.64
140,2026-09-30,2811,MHNL,Mountain Hydro Nepal Limited,252,258.9,251,257,9300,2365688.5,252.4,324,223,2026-09-30T14:59:55.265238,257,50,254.37,3212.5
141,2026-09-30,2813,PPCL,Panchthar Power Compant Limited,339,339,327.5,331,4753,1570691.5,330,462,284.1,2026-09-30T14:57:41.396614,331,38,330.46,3185.88
142,2026-09-30,2815,GMFBS,Ganapati Laghubitta Bittiya Sanstha Limited,1076,1099,1076,1080,58,63169,1109,1688,1041,2026-09-30T14:40:48.366382,1080,4,1089.12,1636.79
143,2026-09-30,2824,HURJA,Himalaya Urja Bikas Company Limited,258.6,260,251.1,256,65519,16743240.9,252.7,312.1,204.6,2026-09-30T14:59:59.482351,256,243,255.54,5068.8
144,2026-09-30,2825,NICAD85/86,10% NIC Asia Debenture 2085/86,1153.6,1153.6,1135,1135,67,76860,1120,1264,1097,2026-09-30T14:48:13.11519,1135,4,1147.16,2729.32
145,2026-09-30,2826,GLBSL,Gurans Laghubitta Bittiya Sanstha Limited,1690,1700,1690,1690,375,634135,1719.9,2310,1585.1,2026-09-30T14:52:50.172667,1690,9,1691.02,2236.85
146,2026-09-30,2829,SMFBS,Swabhimaan Laghubitta Bittiya Sanstha Limited,1380,1405,1371,1405,52,71722,1400,1808,1285,2026-09-30T14:59:57.415731,1405,4,1379.26,2155.91
147,2026-09-30,2831,UNHPL,Union Hydropower Limited,355,365,355,359.8,23898,8555714.6,356.5,571,340.1,2026-09-30T14:59:59.752652,359.8,68,358,2698.5
148,2026-09-30,2832,ILBS,Infinity Laghubitta Bittiya Sanstha Limited,900,965,900,944.8,4847,4530286,925,1246,800,2026-09-30T14:59:57.175986,944.8,43,934.65,4699.59
149,2026-09-30,2835,NBF2,NABIL BALANCED FUND-2,9.21,9.48,9.21,9.48,2200,20802,9.27,10.7,8.89,2026-09-30T11:57:48.575686,9.48,3,9.45,1061.76
150,2026-09-30,2841,RHPL,RASUWAGADHI HYDROPOWER COMPANY LIMITED,167,170,167,168,32156,5412168.1,167.6,325,156,2026-09-30T14:59:53.968165,168,163,168.3,11494.73
151,2026-09-30,2842,SJCL,SANJEN JALAVIDHYUT COMPANY LIMITED,240,243,239,239,7890,1897505.8,240.1,365,214.2,2026-09-30T14:59:30.577237,239,75,240.49,8723.5
152,2026-09-30,2859,SIGS2,Siddhartha Investment Growth Scheme - 2,9.55,9.65,9.55,9.65,10200,98410,9.56,11.5,8.91,2026-09-30T13:00:31.110803,9.65,2,9.64,1158
153,2026-09-30,2860,SAPDBL,Saptakoshi Development Bank Ltd,556.7,612,556.7,590.2,19285,11567768.7,586,1065.7,575.3,2026-09-30T14:59:59.08958,590.2,203,599.83,4924.27
154,2026-09-30,2863,NICBF,NIC Asia Balanced Fund,8.8,9,8.8,9,31000,275980,9.04,11.2,8.45,2026-09-30T14:31:00.868082,9,5,8.9,679.5
155,2026-09-30,2877,SFMF,Sunrise First Mutual Fund,9.1,9.1,9.1,9.1,7000,63700,9.2,11.01,8.96,2026-09-30T12:28:12.393032,9.1,3,9.1,782.6
156,2026-09-30,2880,HDHPC,Himal Dolakha Hydropower Company Limited,218,222,215.1,218,240203,52488418.8,216.8,274,165.1,2026-09-30T14:59:59.408039,218,471,218.51,6104
157,2026-09-30,2881,NRIC,Nepal Reinsurance Company Limited,805,808,799,806,7239,5812872.3,805,1465,765.9,2026-09-30T14:59:58.917139,806,115,802.99,108182.83
158,2026-09-30,2882,ICFCD83,12% ICFC Finance Limited Debenture 2083,1082,1088,1082,1085,56,60738,1056,1272.2,843.2,2026-09-30T12:07:10.961141,1085,5,1084.6,217
159,2026-09-30,2887,NICLBSL,NIC ASIA Laghubitta Bittiya Sanstha Limited,508,508,500,503.9,4972,2494145,505,679,490,2026-09-30T14:59:42.375831,503.9,100,501.63,8765.04
160,2026-09-30,2896,SMPDA,Sampada Laghubitta Bittiya Sanstha Limited,721,732.2,715,732.2,2074,1501699.8,740,1064,707,2026-09-30T14:59:55.528713,732.2,32,724.05,5131.69
161,2026-09-30,2898,NRN,NRN Infrastructure and Development Limited,1340,1396.9,1340,1380,30789,42555633.1,1381,2175,1280,2026-09-30T14:59:58.927628,1380,227,1382.17,24814.07
162,2026-09-30,2902,LUK,Laxmi Unnati Kosh,9.04,9.3,9.04,9.3,2420,22225.4,9.3,10.91,8.97,2026-09-30T14:27:20.025374,9.3,6,9.18,606.94
163,2026-09-30,2903,LEC,Liberty Energy Company Limited,249.3,256,247,252.8,548535,138344347.4,247.6,276,180,2026-09-30T14:59:59.790787,252.8,791,252.2,5688
164,2026-09-30,2904,PBLD84,10% Prabhu Bank Debenture 2084 ,1100,1100,1100,1100,755,830500,1108,1158.4,1057.2,2026-09-30T14:59:08.218701,1100,3,1100,2200
165,2026-09-30,2907,SSHL,Shiva Shree Hydropower Ltd,209.6,209.6,204,205.8,114708,23633117.3,204.9,251,151,2026-09-30T14:59:58.293441,205.8,273,206.02,6076.86
166,2026-09-30,2908,SGIC,Sanima GIC Insurance Limited,387,387,380,382.7,8157,3131362,384,538.5,370.3,2026-09-30T14:59:17.498945,382.7,76,383.88,8639.45
167,2026-09-30,2913,MEN,Mountain Energy Nepal Limited,640,641,635,636,103757,66181254.7,645,683.4,535,2026-09-30T14:59:30.325748,636,292,637.84,19863.93
168,2026-09-30,2914,UMRH,United IDI Mardi RB Hydropower Limited.,507.1,511.5,504,508.9,4661,2359637.9,511,622,500.7,2026-09-30T14:59:22.857881,508.9,31,506.25,2462.39
169,2026-09-30,2915,PMLI,Prabhu Mahalaxmi Life Insurance Limited,418,422,418,422,2930,1231726.7,422,543.6,392.6,2026-09-30T14:59:59.570454,422,77,420.38,22398.89
170,2026-09-30,2917,CGH,Chandragiri Hills Limited,771,780,762.7,765,2065,1580144,769.9,983,748,2026-09-30T14:58:49.75148,765,24,765.2,12322.59
171,2026-09-30,2919,NIFRA,Nepal Infrastructure Bank Limited,251,251,246.6,247,55636,13766051.4,252,299,232,2026-09-30T14:59:21.836875,247,333,247.43,53352
172,2026-09-30,2923,SLCF,Sanima Large Cap Fund,9.03,9.27,9.03,9.27,5900,54520,9.01,10.7,8.8,2026-09-30T14:28:26.65059,9.27,6,9.24,1112.4
173,2026-09-30,2924,GLH,GreenLife Hydropower Limited,270,278,270,276.8,114293,31384394.3,270.5,328.2,237.1,2026-09-30T14:59:49.84258,276.8,306,274.59,4982.4
174,2026-09-30,2925,MLBSL,Mahila Lagubitta Bittiya Sanstha Limited ,1090,1100,1066.2,1100,507,547439.9,1090,2192.8,1026,2026-09-30T14:55:49.995368,1100,18,1079.76,2393.19
175,2026-09-30,2933,KEF,Kumari Equity Fund,9.45,9.45,9.21,9.23,1150,10718.5,9.47,11.3,8.31,2026-09-30T13:24:09.090121,9.23,5,9.32,923
176,2026-09-30,2934,SHEL,Singati Hydro Energy Limited,297,302,296.7,296.7,52131,15559426.6,298.2,361,262,2026-09-30T14:59:21.741106,296.7,177,298.46,9034.51
177,2026-09-30,2935,RURU,Ru Ru Jalbidhyut Pariyojana Limited,580,589,580,589,1520,884163.3,587.3,830,560.1,2026-09-30T14:59:25.778649,589,28,581.68,3675.68
178,2026-09-30,2936,NCCD86,9.5% NCC Debenture 2086,1138,1150,1138,1150,525,601050,1117,1299,1052,2026-09-30T14:22:34.114135,1150,3,1144.85,3450
179,2026-09-30,2937,SBCF,Sunrise Bluechip Fund,9,9.27,9,9.27,31516,285308.3,8.9,11.16,8.73,2026-09-30T14:50:24.517534,9.27,10,9.05,1158.75
180,2026-09-30,3946,CHDC,CEDB Holdings Limited,2394.8,2395,2341.3,2378,20321,48209965.5,2385,2717,1967,2026-09-30T14:59:56.90266,2378,215,2372.42,24594.16
181,2026-09-30,4947,PSF,Prabhu Select Fund,10.82,10.82,10.81,10.82,4350,47065.5,10.85,13,9.91,2026-09-30T14:30:32.425877,10.82,5,10.81,1352.5
182,2026-09-30,4949,NIBSF2,NIBL Samriddhi Fund -2,8.5,8.7,8.5,8.57,27010,232410,8.76,11.13,8.1,2026-09-30T14:08:18.990103,8.57,14,8.6,1285.5
183,2026-09-30,4951,JBLB,Jeevan Bikas Laghubitta  Bittya Sanstha Ltd,1290,1290,1280,1282,2261,2900618.1,1284,1644,1187.5,2026-09-30T14:59:47.508829,1282,62,1282.89,22450.84
184,2026-09-30,4967,NICSF,NIC Asia Select Fund 30,8.6,8.8,8.31,8.32,4300,36717,8.6,9.97,8.04,2026-09-30T13:59:18.447297,8.32,10,8.53,1040
185,2026-09-30,4968,RMF1,RBB Mutual Fund 1,8.9,9.26,8.9,8.99,2580,23260.8,8.91,11.02,8.71,2026-09-30T13:17:35.290996,8.99,5,9.01,1123.75
186,2026-09-30,5982,SRLI,Sanima Reliance Life Insurance Limited,367.3,372,367.3,371.8,5762,2132630.5,372.9,437.7,348,2026-09-30T14:58:50.688913,371.8,131,370.11,18645.49
187,2026-09-30,5984,LBLD88,8.5% Laxmi Bank Debenture 2088,1133,1133,1133,1133,30,33990,1100,1166,1045.1,2026-09-30T13:39:23.933616,1133,1,1133,2266
188,2026-09-30,6985,SDBD87,Shangri-la Development Bank Debenture 2087,1115,1115,1115,1148,1,1148,1115,1241,1069.2,2026-09-30T13:54:57.773572,1148,1,1148,861
189,2026-09-30,8005,MKJC,Mailung Khola Jal Vidhyut Company Limited,321,355,315.2,342,124799,41989033.8,324.9,635,252,2026-09-30T14:59:58.251501,342,548,336.45,1287.01
190,2026-09-30,8018,MLBS,Manushi Laghubitta Bittiya Sanstha Limited,973,999,973,998,227,223969.4,1000,1666,967,2026-09-30T14:59:58.442577,998,8,986.64,1091.56
191,2026-09-30,8021,SAHAS,Sahas Urja Limited,689,691,684.7,689,75679,52089763.3,689,725,535.3,2026-09-30T14:59:55.480359,689,310,688.29,31513.48
192,2026-09-30,8022,TPC,Terhathum Power Company Limited,360,365,355.3,358,8557,3079975.5,357.7,450,270.1,2026-09-30T14:59:23.109995,358,49,359.93,2864
193,2026-09-30,8023,MMF1,Mega Mutual Fund -1,8.75,8.91,8.51,8.75,6500,56880,8.5,10.16,8.27,2026-09-30T14:54:14.525189,8.75,25,8.75,1093.75
194,2026-09-30,8024,NBF3,Nabil Balanced Fund-3,9.06,9.2,9.06,9.16,5410,49408,9.1,10.22,8.35,2026-09-30T14:59:49.307828,9.16,11,9.13,1145
195,2026-09-30,8025,SPC,Samling Power Company Limited,381,396,381,392.9,3026,1176609.6,390,577,361.7,2026-09-30T14:59:41.403099,392.9,49,388.83,1964.5
196,2026-09-30,8026,NYADI,Nyadi Hydropower Limited,340,352.2,338.1,349,661,227717,342,482,335.3,2026-09-30T14:59:40.246476,349,35,344.5,5235
197,2026-09-30,8027,NBLD85,Nabil Debenture 2085,1040,1040,1040,1040,50,52000,1071,1187,1020,2026-09-30T14:46:49.552563,1040,2,1040,2295.39
198,2026-09-30,8031,MBJC,Madhya Bhotekoshi Jalavidyut Company Limited,289.4,298,289.4,297,30641,9048676.8,291.9,333,248.5,2026-09-30T14:59:46.375294,297,260,295.31,17820
199,2026-09-30,8032,BNHC,Buddha Bhumi Nepal Hydropower Company Limited,272,274.9,268.1,274.6,10725,2914501.1,274.9,613.8,247.5,2026-09-30T14:59:59.16713,274.6,55,271.74,2196.8
200,2026-09-30,8033,GBBD85,Garima Debenture, 2085,1055,1055,1055,1055,25,26375,1055,1135,1036.5,2026-09-30T11:55:55.178558,1055,1,1055,1055
201,2026-09-30,8034,ENL,Emerging Nepal Limited,458.9,520,458.9,480,62449,30398492.2,483,1021,471,2026-09-30T14:59:58.412531,480,401,486.77,2666.88
202,2026-09-30,8041,NESDO,NESDO Sambridha Laghubitta Bittiya Sanstha Limited,1295.5,1339.1,1295.5,1339.1,488,647837,1329,1682,1272.2,2026-09-30T14:57:42.526937,1339.1,16,1327.53,3901.3
203,2026-09-30,8043,CBLD88,Civil Bank Debenture 2088,1237,1270,1232,1232,85,105375,1202,1325,1148.4,2026-09-30T14:31:01.685709,1232,4,1239.7,3696
204,2026-09-30,8045,GVL,Green Ventures Limited,485.5,494,485,494,34922,17039993.8,490.5,602,461,2026-09-30T14:59:35.728519,494,115,487.94,16981.25
205,2026-09-30,8055,BHL,Balephi Hydropower Limited,213,213,209,210.2,101891,21507655.5,210.4,264.4,172.1,2026-09-30T14:59:38.934184,210.2,293,211.08,7684.79
206,2026-09-30,8063,ULBSL,Upakar Laghubitta Bittiya Sanstha Limited,2465.1,2569.6,2465.1,2529,373,939644.6,2524.8,4325,2310,2026-09-30T14:59:59.237991,2529,19,2519.15,2684.49
207,2026-09-30,8065,CYCL,CYC Nepal Laghubitta Bittiya Sanstha Limited,1501,1590,1470,1516.9,7829,11813069.5,1547,1768.4,1216,2026-09-30T14:49:44.556385,1516.9,112,1508.88,4041.39
208,2026-09-30,8066,RFPL,River Falls Power Limited,330,333,326,330,15469,5110274.2,330,464.2,306,2026-09-30T14:59:57.81824,330,81,330.35,4620
209,2026-09-30,8070,DORDI,Dordi Khola Jal Bidyut Company Limited,256.1,265,256.1,261,16220,4228481.4,260,327.4,213.1,2026-09-30T14:59:58.81202,261,115,260.69,5503.24
210,2026-09-30,8073,NICFC,NIC Asia Flexi CAP Fund,8.92,8.93,8.92,8.93,1500,13386,9.15,9.89,8.37,2026-09-30T14:33:16.522983,8.93,10,8.92,91.09
211,2026-09-30,8074,KDBY,Kumari Dhanabriddhi Yojana,9.96,10.15,9.95,9.95,33950,338880.5,10,12.54,8.77,2026-09-30T14:49:31.597501,9.95,29,9.98,39.8
212,2026-09-30,8075,BHDC,Bindhyabasini Hydropower Development Company Limited,423,431.9,422.3,425.2,6381,2708579.6,423.1,616,401.1,2026-09-30T14:58:53.395466,425.2,65,424.47,5044.11
213,2026-09-30,8076,HHL,Himalayan Hydropower Limited,341,353.9,341,350,95223,33206208,340,416.6,309,2026-09-30T14:59:59.011207,350,411,348.72,3832.5
214,2026-09-30,8098,SBLD89,10.75% SBL Debenture 2089,1250,1250,1250,1250,375,468750,1270,1450,1190,2026-09-30T13:38:34.571835,1250,2,1250,5000
215,2026-09-30,8099,UHEWA,Upper Hewakhola Hydropower Company Limited,555,588.7,555,584,7272,4243780.3,583,692.6,521,2026-09-30T14:59:03.209503,584,65,583.57,3358
216,2026-09-30,8100,SGHC,Swet-Ganga Hydropower & Construction Limited ,295,295,289.1,289.1,42711,12431126.7,295,487.6,280,2026-09-30T14:59:59.993482,289.1,195,291.05,4605.36
217,2026-09-30,8102,MHL,Mandakini Hydropower Limited,450,451,439.1,447.9,11115,4927813,448.6,580,435,2026-09-30T14:59:57.905827,447.9,77,443.34,2896.87
218,2026-09-30,8104,USHEC,Upper Solu Hydro Electric Company Limited,506.9,513,490,494,38460,19168412.8,498.2,539.1,432,2026-09-30T14:59:15.513891,494,103,498.39,6669
219,2026-09-30,8106,GIBF1,Global IME Balanced Fund-1,10.31,10.31,9.73,10.16,44282,447595.3,10.28,11.93,9.7,2026-09-30T13:58:03.703447,10.16,19,10.1,1042.18
220,2026-09-30,8108,RHGCL,Rapti Hydro And General Construction Limited,258.2,263,255,259.8,31586,8120342.1,263,353,217.2,2026-09-30T14:59:17.933768,259.8,148,257.08,3184.08
221,2026-09-30,8111,HIDCLP,Hydorelectricity Investment and Development Company Limited Promoter,190.9,190.9,187,187.3,98109,18447250.5,188,230.6,174.4,2026-09-30T14:59:40.476183,187.3,156,188.02,6180.9
222,2026-09-30,8117,AVYAN,Aviyan Laghubitta Bittiya Sanstha Limited,1028.2,1060,1028.2,1038.2,305,317848,1060,1366,906,2026-09-30T14:43:25.334296,1038.2,16,1042.12,2595.5
223,2026-09-30,8119,EBLD85,10.50% Everest Bank Limited Debenture 2085,1120,1120,1120,1120,25,28000,1150,1250,1060,2026-09-30T13:05:06.091084,1120,1,1120,2240
224,2026-09-30,8121,SPHL,Sayapatri Hydropower Limited,508.3,580,493.1,580,29647,15297832.9,535,708,474,2026-09-30T14:59:54.023653,580,257,515.99,1740
225,2026-09-30,8122,PPL,People's Power Limited,301,319.7,301,318,11057,3496185.1,315.9,425,263.2,2026-09-30T14:59:54.75675,318,75,316.19,3017.5
226,2026-09-30,8123,DLBS,Dhaulagiri Laghubitta Bittiya Sanstha Limited,1080.2,1200,1080.2,1140,1508,1752184.8,1100.4,1495,927,2026-09-30T14:59:57.592932,1140,38,1161.92,1517.34
227,2026-09-30,8125,NSIF2,NMB Sulav Investment Fund - 2,9.95,10.09,9.91,10.09,8871,88883.61,9.9,11.45,9.65,2026-09-30T14:49:07.586446,10.09,6,10.01,1231.99
228,2026-09-30,8126,SIKLES,Sikles Hydropower Limited,560,568,560,563,2707,1529111.5,564,720,536.3,2026-09-30T14:59:31.265797,563,42,564.87,5503.32
229,2026-09-30,8131,EHPL,Eastern Hydropower Limited,321,328,317,317,2453,783298,321,525,295,2026-09-30T14:59:50.677548,317,41,319.32,1965.4
230,2026-09-30,8132,SHLB,Shrijanshil Laghubitta Bittiya Sanstha Limited,1290,1290,1240,1245.1,150,188464,1253,1961,1215.3,2026-09-30T14:13:54.577727,1245.1,7,1256.42,1361.83
231,2026-09-30,8133,PHCL,Peoples Hydropower Company Limited,320.2,338,320.2,333.8,685772,228399629.3,320.1,405.9,249.7,2026-09-30T14:59:58.972551,333.8,1693,333.05,10681.6
232,2026-09-30,9135,BHPL,Barahi Hydropower Public Limited,436,439,430,437,4389,1895000.1,448,748,417.2,2026-09-30T14:59:38.492203,437,40,431.76,1092.5
233,2026-09-30,9138,NIBLGF,NIBL Growth Fund,8.73,8.77,8.71,8.71,272780,2380543.8,8.75,11.81,8.1,2026-09-30T14:57:21.546043,8.71,12,8.72,1149.72
234,2026-09-30,9139,SAGF,Sanima Growth Fund,9.49,9.49,9.41,9.41,400,3772,9.78,11.31,8.79,2026-09-30T14:54:12.845696,9.41,3,9.43,632.85
235,2026-09-30,9140,UNLB,Unique Nepal Laghubitta Bittiya Sanstha Limited,1220,1244.9,1219.1,1244.9,30,36840,1247.8,2228,1187,2026-09-30T14:59:57.685624,1244.9,3,1228,1849.61
236,2026-09-30,9146,SMHL,Super Madi Hydropower Limited,467,470,465,466,33593,15668139.1,465,897,443,2026-09-30T14:59:52.829236,466,118,466.41,12407.42
237,2026-09-30,9147,SPL,Shuvam Power Limited,571,588,571,588,687,394179.2,575,984.6,570,2026-09-30T14:59:57.726876,588,21,573.76,1176
238,2026-09-30,9148,SMH,Super Mai Hydropower Limited,519.9,519.9,503,504,7769,3922618.7,510,1024.8,482.6,2026-09-30T14:59:49.901251,504,62,504.9,3235.68
239,2026-09-30,9149,MKHC,Maya Khola Hydropower Company Limited,248.5,255,248.5,253,6611,1663251.5,253,414.9,232.1,2026-09-30T14:59:55.228239,253,57,251.58,2530
240,2026-09-30,9150,AHL,Asian Hydropower Limited,385.1,386,375.6,378.1,760,288403.5,379,670,343,2026-09-30T14:56:18.674451,378.1,24,379.47,1285.54
241,2026-09-30,9151,KDL,Kalinchowk Darshan Limited,567,574.9,565,565.4,14402,8166919.2,567,1185,565,2026-09-30T14:58:00.208549,565.4,138,567.06,3864.79
242,2026-09-30,9154,SFEF,Sunrise Focused Equity Fund,8.92,9.12,8.92,8.92,24945,225249.5,9,10.65,8.4,2026-09-30T14:19:20.217516,8.92,10,9.02,892
243,2026-09-30,9156,TAMOR,Sanima Middle Tamor Hydropower Limited,555,555,522.2,528.9,92805,48882917.2,533.9,558,396.4,2026-09-30T14:59:59.021627,528.9,284,526.72,17625.59
244,2026-09-30,9158,MHCL,Molung Hydropower Company Limited,283.1,284,280.4,282,7639,2153662.4,283,445,261,2026-09-30T14:59:41.684623,282,51,281.92,2263.05
245,2026-09-30,9159,SMJC,Sagarmatha Jalabidhyut Company Limited,400.3,409.9,400.3,403,7835,3156917.2,406,563,393,2026-09-30T14:59:58.882969,403,98,402.92,4728
246,2026-09-30,9161,ANLB,Aatmanirbhar Laghubitta Bittiya Sanstha Limited,4940,4940,4883,4934.8,323,1582104.8,4943.9,7560,4750,2026-09-30T14:59:47.129917,4934.8,18,4898.15,4417
247,2026-09-30,9166,MAKAR,Makar Jitumaya Suri Hydropower Limited,403.1,411.9,403.1,410.6,55155,22556112.3,407.7,619,389,2026-09-30T14:59:57.347002,410.6,191,408.95,3120.56
248,2026-09-30,9167,MKHL,Mai Khola Hydropower Limited,491,501,490.3,500,1769,880678,496.9,915,457,2026-09-30T14:52:35.240443,500,38,497.83,1960.78
249,2026-09-30,9168,GBILD84/85,Global IME Bank Debenture, 2084/85,1150,1150,1150,1150,400,460000,1158,1238,1067,2026-09-30T14:10:01.589747,1150,1,1150,5750
250,2026-09-30,9170,DOLTI,Dolti Power Company Limited,300,300,290,295,18662,5492898.4,299,596,275,2026-09-30T14:59:59.362101,295,89,294.33,1582.63
251,2026-09-30,9171,BEDC,Bhugol Energy Development Company Limited,294.3,300,291.1,298.4,13667,4039724.7,299,716,270,2026-09-30T14:59:59.282196,298.4,86,295.58,1623.46
252,2026-09-30,9173,CITY,City Hotel Limited,343.9,345,340,343,42038,14350061.8,343.7,590.7,327.2,2026-09-30T14:59:59.911624,343,198,341.35,10335.28
253,2026-09-30,9174,PRSF,Prabhu Smart Fund,11.86,11.88,11.86,11.88,8100,96168,11.88,13.61,9.85,2026-09-30T13:55:36.359588,11.88,3,11.87,1188
254,2026-09-30,9175,MCHL,Menchhiyam Hydropower Limited,265.9,282,265.9,274,1394,374294.1,274,538.9,232,2026-09-30T14:59:24.402942,274,35,268.5,1486.68
255,2026-09-30,9176,IHL,Ingwa Hydropower Limited,314.5,324.4,310,316.3,6280,1987457.5,314.5,638,282.5,2026-09-30T14:59:30.647603,316.3,50,316.47,1897.8
256,2026-09-30,9177,SCBD,10.30% Standard Chartered Bank Limited Debenture,1080,1080,1075.1,1075.1,188,202621.5,1065,1236,1056.6,2026-09-30T12:23:55.08058,1075.1,4,1077.77,2580.24
257,2026-09-30,9178,RMF2,RBB Mutual Fund 2,9.41,9.41,8.93,9.19,8000,73835,9.39,10.71,8.84,2026-09-30T14:55:57.324573,9.19,5,9.22,777.58
258,2026-09-30,9179,MEL,Modi Energy Limited,215,215,209.2,210,12617,2666910.4,213.5,328,195,2026-09-30T14:59:09.667988,210,115,211.37,6090
259,2026-09-30,9181,RAWA,Rawa Energy Development Limited,411,416.3,410,412,8839,3643322.6,413,851.7,379,2026-09-30T14:58:51.23097,412,66,412.18,1153.6
260,2026-09-30,9182,SIGS3,Siddhartha Investment Growth Scheme 3,10.2,10.35,10.2,10.33,3980,41113,10.2,11.58,8.52,2026-09-30T14:24:23.331428,10.33,7,10.32,832.39
261,2026-09-30,9183,NRM,Nepal Republic Media Limited,280.1,287.9,280.1,287.9,3340,939986,282,470,270.9,2026-09-30T14:59:44.446015,287.9,63,281.43,2785.43
262,2026-09-30,9184,ILI,IME Life Insurance Company Limited,420,424,420,422.5,4432,1869035.9,423,489.6,396.3,2026-09-30T14:59:33.579986,422.5,171,421.71,21125
263,2026-09-30,9191,C30MF,Citizens Super 30 Mutual Fund,9.1,9.22,9.1,9.22,12920,119103.4,9.22,10.45,8.7,2026-09-30T13:56:03.189454,9.22,7,9.21,692.17
264,2026-09-30,9192,USHL,Upper Syange Hydropower Limited,512,515,505,515,410,208655.6,509.9,945,468.1,2026-09-30T14:59:58.899779,515,18,508.91,1133
265,2026-09-30,9193,GCIL,Ghorahi Cement Industry Limited,390,401.9,390,396,27462,10895298.8,399.8,489.9,315.5,2026-09-30T14:59:59.015757,396,219,396.74,19896.84
266,2026-09-30,9194,TSHL,Three Star Hydropower Limited,341.6,351,334.8,342.8,8639,2944822.5,349.2,900,308.1,2026-09-30T14:59:52.569224,342.8,65,340.87,1688.29
267,2026-09-30,9195,MLBLD89,11% Mahalaxmi Debenture 2089,1325,1325,1325,1325,25,33125,1341,1381.2,1200,2026-09-30T14:44:48.805546,1325,1,1325,1325
268,2026-09-30,9196,KBSH,Kutheli Bukhari Small Hydropower Limited,816,816,798,798,2123,1700232.3,801,1907,758.1,2026-09-30T14:59:36.009963,798,38,800.86,1176.73
269,2026-09-30,9198,LVF2,Laxmi Value Fund 2,8.9,9.15,8.9,9.15,200,1805,9.16,10.3,8.76,2026-09-30T14:47:17.496637,9.15,2,9.02,732
270,2026-09-30,9199,RNLI,Reliable Nepal Life Insurance Limited,439.8,440,436,438.2,21012,9197764.1,437.7,520.2,402,2026-09-30T14:59:31.884413,438.2,275,437.73,22772.38
271,2026-09-30,9201,SNLI,Sun Nepal Life Insurance Company Limited,412,415,408.2,413,12282,5045944.5,412.9,528.3,375,2026-09-30T14:59:57.288494,413,200,410.84,21817.94
272,2026-09-30,9203,MEHL,Manakamana Engineering Hydropower Limited,254.8,260,253,258,38335,9793710.6,254.8,519,220,2026-09-30T14:59:56.307953,258,195,255.47,2064
273,2026-09-30,9208,ULHC,Upper Lohore Khola Hydropower Company Limited,367,367,342,352,10705,3727011.4,350,599,260,2026-09-30T14:59:47.264913,352,88,348.15,1794.51
274,2026-09-30,9209,CLI,Citizen Life Insurance Company Limited,435.9,437.5,433,437,8021,3492635.7,436.6,526,410,2026-09-30T14:59:38.097587,437,181,435.43,21850
275,2026-09-30,9211,SBID89,9% Nepal SBI Bank Rinpatra 2089,1145,1145,1145,1145,15,17175,1145,1266,1100,2026-09-30T14:55:04.698114,1145,1,1145,1624.03
276,2026-09-30,9212,MANDU,Mandu Hydropower Limited,751,770,740.1,745.1,13734,10412314.2,751,909,622,2026-09-30T14:59:57.957754,745.1,61,758.14,11176.51
277,2026-09-30,9213,HATHY,Hathway Investment Nepal Limited,420,438,416,429,235078,101344601.4,419,1050,385,2026-09-30T14:59:57.904225,429,1256,431.11,13604.31
278,2026-09-30,9214,BGWT,Bhagawati Hydropower Development Company Limited,470,490,470,479,4525,2163087.5,482.5,874,435,2026-09-30T14:59:42.867757,479,49,478.03,3248.77
279,2026-09-30,9215,MSHL,Mid Solu Hydropower Limited,530,550,530,540,14306,7686709.4,535,937,481,2026-09-30T14:59:31.720007,540,119,537.3,4647.56
280,2026-09-30,9216,SONA,Sonapur Minerals And Oil Limited,418.9,425,415,420,187457,78446802.1,419.5,510,380,2026-09-30T14:59:57.881243,420,504,418.47,12915.21
281,2026-09-30,9217,MMKJL,Mathillo Mailun Khola Jalvidhyut Limited,357,357,337,343,2555,874119.7,347,667,309,2026-09-30T14:58:28.285033,343,32,342.12,3430
282,2026-09-30,9218,TVCL,Trishuli Jal Vidhyut Company Limited ,285,295,277,294,4628,1310250.3,285,689,268.1,2026-09-30T14:59:41.880555,294,59,283.11,5446.35
283,2026-09-30,9221,H8020,Himalayan 80-20,11.05,11.05,10.94,10.94,18717,205724.16,10.93,13.18,10,2026-09-30T14:08:55.235732,10.94,13,10.99,109.4
284,2026-09-30,9225,VLUCL,Vision Lumbini Urja Company Limited ,375.2,384.8,375.2,384.8,2933,1121305.1,383.9,652,363.3,2026-09-30T14:59:59.87938,384.8,49,382.3,7359.3
285,2026-09-30,9230,MKCL,Muktinath Krishi Company Limited,830,830,816.7,830,492,403921,840,1616.8,810,2026-09-30T14:57:46.868878,830,21,820.97,6274.8
286,2026-09-30,9232,CKHL,Chirkhwa Hydropower Limited ,539,554.6,522.9,535,1557,826893,555,804,525,2026-09-30T14:59:56.433102,535,52,531.08,2140
287,2026-09-30,9233,NWCL,Nepal Warehousing Company Limited ,577.2,588,577.2,588,1285,745841,586,1045,571,2026-09-30T14:59:54.81318,588,32,580.42,4042.5
288,2026-09-30,9234,HRL,Himalayan Reinsurance Limited,501,504.5,500,501,26463,13255940.9,501,950,485,2026-09-30T14:59:44.081838,501,411,500.92,54448.68
289,2026-09-30,9236,NICGF2,NIC ASIA Growth Fund-2,8.72,9.21,8.72,8.99,3102,27802.98,8.69,10.13,8.14,2026-09-30T14:58:58.422808,8.99,12,8.96,813.6
290,2026-09-30,9238,NABILD87,9% Nabil Debenture 2087,1134,1166.9,1134,1166.9,55,63192.5,1134,1200,1087.5,2026-09-30T13:41:35.651883,1166.9,2,1148.95,3500.7
291,2026-09-30,9241,KSY,Kumari Sabal Yojana,9,9,9,9,100,900,9.25,10.26,8.21,2026-09-30T12:54:58.23716,9,1,9,670.28
292,2026-09-30,9242,SARBTM,Sarbottam Cement Limited,821,821,803,814,15106,12156621,817,942.4,750,2026-09-30T14:59:58.011516,814,75,804.75,42525.6
293,2026-09-30,9244,NIBLSTF,NIBL Stable Fund,8.41,8.64,8.41,8.63,67400,581507,8.45,10.85,8,2026-09-30T14:51:59.004712,8.63,14,8.62,975.19
294,2026-09-30,9245,MNMF1,Muktinath Mutual Fund 1,9.1,9.25,8.98,9.19,1701,15483.19,9.1,10.4,8.53,2026-09-30T14:59:37.087734,9.19,8,9.1,1148.75
295,2026-09-30,9246,GMLI,Guardian Micro Life Insurance Limited ,941,949,932,949,491,461594,960,2068,889,2026-09-30T14:59:59.871936,949,26,940.1,7117.5
296,2026-09-30,9248,GSY,Garima Samriddhi Yojana,9.01,9.05,9,9,4000,36028,9.05,10.46,8.5,2026-09-30T13:58:34.111767,9,12,9,1125
297,2026-09-30,9250,NMIC,Nepal Micro Insurance Company Limited,819,819.8,795,798.1,2658,2126572,806,1525,765.3,2026-09-30T14:59:50.66242,798.1,71,800.06,5985.75
298,2026-09-30,9252,CREST,Crest Micro Life Insurance Limited,1144.5,1144.5,1060,1089,3677,3929325.9,1090,1588,1000,2026-09-30T14:59:59.686769,1089,111,1068.62,8167.5
299,2026-09-30,9254,NMBHF2,NMB Hybrid Fund L- II,8.81,9.1,8.81,9.01,26950,242897.5,8.85,10.2,8.36,2026-09-30T14:52:03.48917,9.01,12,9.01,1229.72
300,2026-09-30,9256,OMPL,Om Megashree Pharmaceuticals Limited,860,860,848.1,852,2742,2336645,858.9,1575.9,845.2,2026-09-30T14:59:59.806951,852,79,852.16,5112
301,2026-09-30,9257,MBLEF,MBL Equity Fund,9.07,9.1,9.07,9.07,10200,92544,9.16,10.89,8.44,2026-09-30T14:00:55.519276,9.07,5,9.07,1103.14
302,2026-09-30,9258,PURE,Pure Energy Limited,779.9,800,778,794.7,4485,3530425.5,794,1262,662,2026-09-30T14:59:35.015336,794.7,61,787.16,6357.6
303,2026-09-30,9259,RSY,Reliable Samriddhi Yojana,9.44,9.45,9.44,9.45,500,4723,9.5,10.7,8.72,2026-09-30T14:58:36.409924,9.45,4,9.44,1134
304,2026-09-30,9262,TTL,Trade Tower Limited,678,690,671,678,3985,2688662.5,678.9,1173,665,2026-09-30T14:59:48.170891,678,165,674.69,5529.83
305,2026-09-30,9263,SANVI,Sanvi Energy Limited,540,548,525,530,18775,9984363,543.9,1060,530.3,2026-09-30T14:59:56.200231,530,227,531.79,4664
306,2026-09-30,9267,BHCL,Bikash Hydropower Company Limited,560,575,560,570,107903,61099304.5,569.9,699,394,2026-09-30T14:59:59.841931,570,386,566.24,5181.88
307,2026-09-30,9269,GBIMESY2,Global IME Sammunat Yojana -2,9.01,9.14,8.88,9.14,4400,39837,9.01,10.78,8.5,2026-09-30T13:52:57.252772,9.14,7,9.05,1371
308,2026-09-30,9270,HIMSTAR,Him Star Urja Company Limited,628,628,610.1,623.9,4681,2877544.6,628.5,1264,585,2026-09-30T14:59:50.49952,623.9,90,614.72,2327.15
309,2026-09-30,9286,SHINED,Shine Resunga Debenture,1110,1125,1110,1125,225,252750,1125,1200,1000,2026-09-30T14:24:40.558591,1125,3,1123.33,1125
310,2026-09-30,9287,MABEL,Mabilung Energy Limited,563,574,558.6,562,2102,1180239,561,927,317.7,2026-09-30T14:57:35.905844,562,62,561.48,2168.33
311,2026-09-30,9289,SBID2090,7% Nepal SBI Bank Debenture 2090,1105,1125,1105,1125,375,420055,1122.7,1184.5,1000,2026-09-30T14:21:32.991844,1125,6,1120.14,3375
312,2026-09-30,9290,HLICF,HLI Large Cap Fund,8.5,8.5,8.3,8.33,1400,11736,8.31,10.55,7.88,2026-09-30T13:57:29.549772,8.33,6,8.38,4165
313,2026-09-30,9293,DHEL,Daramkhola Hydro Energy Limited,537,537,522,528,8834,4645679,527,918.9,402.2,2026-09-30T14:59:58.7866,528,204,525.88,5441.04
314,2026-09-30,9294,SAGAR,Sagar Distillery Limited,1569.1,1608.5,1569.1,1578,9802,15544102.2,1595,2439,319.5,2026-09-30T15:00:00.002057,1578,106,1585.8,11456.28
315,2026-09-30,9295,SWASTIK,Swastik Laghubitta Bittiya Sanstha Limited,1766,1790,1760.3,1790,700,1244891,1789,3400,391.7,2026-09-30T14:59:56.782086,1790,25,1778.41,1033.72
316,2026-09-30,9296,BUNGAL,Bungal Hydro Limited,515,515,500,500.3,8586,4306482.8,502,895,302.4,2026-09-30T14:59:59.090662,500.3,130,501.57,4152.49
317,2026-09-30,9297,BANDIPUR,Bandipur Cablecar and Tourism Limited,621,635,620,622,10367,6465543,620,1233,285,2026-09-30T14:59:54.416158,622,244,623.66,17602.6
318,2026-09-30,9299,NABILD2089,7% Nabil Debenture 2089,1080,1080,1080,1080,115,124200,1100,1154,1000,2026-09-30T14:08:17.882512,1080,1,1080,3240
319,2026-09-30,9300,JHAPA,Jhapa Energy Limited,1002,1015,1002,1010,3180,3210969.7,1016,1929,293.4,2026-09-30T14:59:58.012013,1010,34,1009.73,3839.92
320,2026-09-30,9301,SAIL,Shreenagar Agritech Industries Limited,964,970,950,965,10784,10339968.6,964.7,1690,301.7,2026-09-30T14:59:57.51017,965,192,958.82,15741.56
321,2026-09-30,9302,RBBF40,RBB Focus 40,8.91,8.94,8.91,8.91,1400,12487.6,8.92,10.36,8.73,2026-09-30T14:56:46.083793,8.91,7,8.91,1113.75
322,2026-09-30,9303,SYPNL,SY Panel Nepal Limited,1393.3,1393.3,1300,1350,81025,109131156.9,1327,2255.9,319.8,2026-09-30T14:59:56.89249,1350,755,1346.88,17659.85
323,2026-09-30,9304,CSY,Citizens Santulit Yojana,8.35,8.75,8.35,8.75,10585,91643,8.6,10,8.01,2026-09-30T14:26:09.57714,8.75,20,8.65,1093.75
324,2026-09-30,9305,SABBL,Salapa Bikas Bank Limited,869,870,850,850.2,4072,3468137.9,853,2000,300,2026-09-30T14:59:50.086288,850.2,107,851.7,4441.34
325,2026-09-30,9306,RSML,Reliance Spinning Mills Limited,2788,2797,2710,2738.9,34557,95378832.8,2785,5049,300,2026-09-30T14:59:58.905889,2738.9,484,2760.04,52039.1
326,2026-09-30,9308,HFIN,Hotel Forest Inn Limited,602,605,584,584,22443,13275444.6,601,1450.6,101.7,2026-09-30T14:59:57.653763,584,417,591.51,11680
327,2026-09-30,9311,SOHL,Solu Hydropower Limited,630.1,648,630,638,124458,79467624.6,633.6,875.5,300,2026-09-30T14:59:58.569108,638,1016,638.5,63800
328,2026-09-30,9312,NSY,Nepal Life Samriddhi Lagani Yojana,8.8,9,8.8,9,1200,10696,8.96,10.19,8.8,2026-09-30T14:59:14.660748,9,11,8.91,1800
329,2026-09-30,9322,BJHL,Bhujung Hydropower Limited,610,611,580,599,8053,4798961.5,610,1305,270.1,2026-09-30T14:59:54.376728,599,132,595.92,5990
330,2026-09-30,9323,SKHL,Super Khudi Hydropower Limited,712.1,730,712.1,715,4796,3455006.6,720,1360,300,2026-09-30T14:59:12.801141,715,173,720.39,11082.5
331,2026-09-30,9324,RLEL,Ridge Line Energy Limited,729,731,715,717,19843,14418048.8,729,1592.3,300,2026-09-30T14:59:59.952455,717,173,726.6,8496.45
332,2026-09-30,9325,SKHEL,Suryakunda Hydro Electric Limited,810,829.9,791.3,804,2177,1742452,810,2069.4,284.3,2026-09-30T14:59:59.83357,804,61,800.39,5544.98
333,2026-09-30,9327,ICFCD89,8% ICFC Finance Limited Debenture 2089,1100,1100,1100,1100,125,137500,1103,1140,1020,2026-09-30T14:01:55.370828,1100,5,1100,
334,2026-09-30,9329,SIPD,Shikhar power Development Limited,514,550,514,538,9809,5243743.7,541,1216.8,284.3,2026-09-30T14:59:57.318743,538,256,534.58,5272.4
335,2026-09-30,9330,PCIL,Palpa Cement Industries Limited,620.6,622,613.4,616.3,20859,12884745.6,620.6,1280,300,2026-09-30T14:59:57.514622,616.3,536,617.7,23111.25
336,2026-09-30,9334,KHPL,Kalinchock Hydropower Limited,678.5,679,655,661,5116,3394743.5,678.5,1324.8,300,2026-09-30T14:59:56.300605,661,121,663.55,3635.5
337,2026-09-30,9336,SOPL,Sopan Pharmaceuticals Limited,714,719.9,689,690,48619,34177268.7,715.1,1217,276.5,2026-09-30T14:59:57.498319,690,814,702.96,11840.4
338,2026-09-30,9337,APHL,Appolo Hydropower Limited,625,625,611,617.1,6294,3888938,625,1053.4,299.7,2026-09-30T14:59:57.868037,617.1,141,617.88,2900.37
339,2026-09-30,9342,YMHL,Yambaling Hydropower Limited,524,532,510,512,19557,10132296.2,529.8,797.6,300,2026-09-30T14:59:57.903122,512,400,518.09,3584
340,2026-09-30,9343,TPKHL,Taksar Pikhuwa Khola Hydropower Limited,485.1,495,483,489,15969,7823334.4,490,772.5,300,2026-09-30T14:59:56.836853,489,427,489.9,5868
341,2026-09-30,9344,SNORL,Snow Rivers Limited,856.3,937,854.4,879,21480,18677144.8,874,1057,298.7,2026-09-30T14:59:59.020018,879,273,869.51,9064.69
342,2026-09-30,9345,SGHL,Sanigad Hydro Limited,470,479,470,473.9,44499,21078432.8,478.4,587,299.3,2026-09-30T14:59:58.527972,473.9,918,473.68,13506.15
343,2026-09-30,9346,KAHL,Kalanga Hydro Limited,446.6,475,446.6,469.9,16139,7583460.3,470.1,613,295.4,2026-09-30T14:59:59.820766,469.9,535,469.88,6578.6
344,2026-09-30,9347,ECL,Everest Colour Limited,1270,1292.9,1260.1,1275,14322,18221239.8,1267,1980,296.6,2026-09-30T14:59:58.000171,1275,215,1272.25,3825
345,2026-09-30,9348,SEF2,Siddhartha Equity Fund 2,8.91,9.1,8.91,9.1,5490,49448.4,9.1,10,8.5,2026-09-30T14:44:56.83995,9.1,32,9,1137.5
346,2026-09-30,9349,SAEF2,Sanima Equity Fund-2,8.98,9.04,8.98,9.04,2900,26118,9.2,10,8.76,2026-09-30T14:36:21.15284,9.04,14,9,1130
347,2026-09-30,9350,LSH12,LS Horizon 12,8.9,9.01,8.9,9,1600,14389,8.98,10,8.55,2026-09-30T14:21:37.544771,9,15,8.99,1350
348,2026-09-30,9351,RSY2,Reliable Samriddhi Yojana -2,8.9,9.05,8.7,8.82,18400,164574.8,8.9,10,8.42,2026-09-30T14:21:55.263192,8.82,29,8.94,1102.5
349,2026-09-30,9352,MEPDL,Mount Everest Power Development Limited,625.3,639,625.3,630,11566,7304890.6,634.9,855,300,2026-09-30T14:59:59.78486,630,427,631.58,5418
350,2026-09-30,9353,SAPIL,Sarvottam Paints Industries Limited,1225.5,1328.7,1225.5,1300,13758,17770710.1,1290,1604,300,2026-09-30T14:59:59.76778,1300,383,1291.66,4862
351,2026-09-30,9354,PBD93,6.25% Prime Bank Debenture, 2093,1120,1129,1100,1100,4272,4722950,1130,1160,996,2026-09-30T14:59:39.010943,1100,47,1105.55,
352,2026-09-30,9355,LSD92,7% Laxmi Sunrise Debenture 2092,1120,1130,1100,1112,16798,18822516.8,1120.1,1150,1000,2026-09-30T14:59:56.140797,1112,155,1120.52,